gameMode,win,championName,kills,deaths,assists,goldEarned,totalMinionsKilled,visionScore,wardsPlaced,totalDamageDealtToChampions,turretTakedowns,goldDiff_10min,xpDiff_10min,jungleMinionsKilledDiff_10min,streak
CLASSIC,0,Diana,10.0,9.0,10.523973815128159,20458.441439291248,298.81203391463714,34.453728155642,15.0,50633.64803733513,3.51999778973776,-2694.206609657914,-2363.499083600345,13.309149793931208,-2.0
CLASSIC,0,Diana,7.0,8.0,2.3718470871001878,15767.873208279647,42.36418172307093,22.0,9.620005696628935,27784.237485038135,3.0,-1952.5763578951291,-45.848304845666334,35.11679122725782,-1.0
CLASSIC,1,Diana,0.0,5.0,5.0,10669.065900239786,181.67996784704332,9.149969554053824,7.0,14593.402348514555,3.0,-902.930174971552,-1227.061654254637,0.0,-2.0
CLASSIC,1,Orianna,6.533285275064802,2.0,2.0,14297.315223252996,253.85984887427946,34.464705651152414,12.0,23395.726354598537,0.37757828762388335,-22.421011998435688,-1035.8333066552138,14.744764332639116,3.0
CLASSIC,1,Diana,10.0,1.0,5.092520939014329,14646.066468546534,261.95795072936113,9.611301824895971,10.028627078057621,20949.648305321432,5.0,-2643.4096050404573,-2365.413584397898,-2.0,-1.0
CLASSIC,1,Diana,7.0,8.0,9.0,15394.546665948985,180.24719028042972,10.0,1.3114408581357633,27244.406852351094,3.0,891.9202778481098,1509.7449415180959,-30.0,-1.0
CLASSIC,1,Diana,7.714338392116434,0.7528749029752158,0.0,11548.92605573214,220.432347998205,7.0,0.45414899703742145,15276.181683464538,3.0,39.138037437941406,-580.5663438272413,-1.4806834465482521,-1.0
CLASSIC,0,Diana,8.263389425754221,9.719006475034739,11.842683806942947,19719.222199304895,255.26314718393022,35.51916402474717,12.0,43521.76200485354,0.0,2556.732376912291,1766.1247686018908,-8.627993677013656,3.415927674530488
CLASSIC,1,Diana,20.230756601080778,7.0,1.1382941149365402,16418.971992230065,181.09076391869158,7.942551306019589,0.42028224480608606,44186.98564322799,2.0,-623.3518136982663,139.92539206093255,-2.0,1.0
CLASSIC,1,Orianna,0.0,0.7614432020721527,1.749639015845432,4342.903607582018,232.43277251246866,18.7080136788463,13.843436627324655,93.6667930544853,6.0,2453.2481256401957,796.2179491022531,20.778200136855244,-1.0
CLASSIC,1,Diana,7.0,3.0,3.0,13886.05228042923,281.7352284673869,26.954361448799986,11.0,22556.280288052803,0.0,-926.329384979204,2516.7950581289983,0.0,3.0
CLASSIC,0,Diana,7.0,3.0,5.0,12859.837293323528,218.8463360150468,31.0,15.0,24079.104202612943,4.0,-189.68042234914344,-615.9785317826011,2.0,-2.0
CLASSIC,0,Diana,6.273753727335539,3.0,3.0,12759.26378011861,292.70328077275565,22.0,15.0,20308.326953381238,0.0,-2519.6047587559647,-1109.97127020436,0.0,3.0
CLASSIC,1,Diana,8.0,5.0,6.0,10952.317139778708,12.7990547801328,0.0,0.0,15255.65021346099,1.0,2678.7897630891066,4444.910380405556,20.590275071156153,2.0
CLASSIC,1,Diana,9.0,2.0,0.0,13273.973396754767,250.1723420605327,36.79835303893179,12.975883703033789,24577.21541737119,3.0,5182.599902245631,3446.1460219855,1.0432636032898446,1.0
CLASSIC,0,Diana,7.0,0.0,0.0,8528.171303671388,43.81560240064822,10.0,8.64762983774073,7883.914268883128,0.0,1824.660675967008,2344.8383015967197,34.91615148281242,4.0
ARAM,0,Kindred,7.0,9.342905196378027,9.0,12789.67541542608,62.2128601100045,0.0,0.0,27232.441910854574,0.0,4530.463909794435,4507.874294021212,-2.0,1.0
CLASSIC,1,Diana,14.0,9.0,31.267509349448716,20864.547360665598,240.0,18.0,15.515878563406748,56225.19206273947,5.0,2018.1938873992226,2038.1630484103864,2.0,-2.0
CLASSIC,0,Diana,6.0,2.0,0.6798592633370215,6565.2913254090045,43.160115203773856,0.0,0.0,6799.403800564937,1.0,4600.21027747891,4595.799612122912,0.0,4.0
ARAM,1,Mel,18.913946596042873,8.975302683962253,13.22733930087041,19977.838164452398,0.6615078093591562,10.0,0.0,53427.660167801965,0.0,-1216.7398662498617,871.3466511907989,13.624541306989006,2.0
CLASSIC,1,Diana,5.168633295059959,5.231945623315972,9.0,14588.882224986979,286.75422399860605,18.0,11.0,25777.694602599753,5.0,-1977.8762612184314,-1396.1729919887457,-2.0,3.0
CLASSIC,1,Diana,7.0,8.91099871274025,5.0,14076.045682962493,196.56977210912754,23.48821025777067,11.0,21079.397244788837,2.0,-28.453145686781255,-1018.7746552270172,-21.467244830826463,1.0
CLASSIC,1,Diana,14.0,13.9017023863897,28.093977861766927,20207.049856146386,75.52536341625087,22.00519006884187,11.0,43713.83173125949,0.0,809.4077411524726,676.4837862841703,0.0,1.0
CLASSIC,1,Diana,7.0,3.4184107404561597,8.0,17143.0073181761,131.9462470319743,25.478714094846136,11.0,27301.33642339882,0.0,-2449.975594580514,-1943.0948309906187,2.0,1.0
CLASSIC,1,Diana,5.0,0.0,0.0,4801.85015819319,63.82426888462709,22.0646222959961,12.0,2825.49506810463,3.0,-2193.329216316709,-1452.6329633446314,-5.636106264092874,2.0
CLASSIC,1,Diana,10.0,8.0,8.817980260359667,16458.971166174862,197.07618399980566,21.0,8.0,27227.00748633137,2.0,3007.653283223204,2996.3597777456007,-18.0,4.216141890217786
CLASSIC,0,Diana,14.055051394525394,3.0,5.0,19036.201039281215,255.03210373379858,36.78280533468231,14.451516436896334,51420.855163317254,2.0,-2109.521429049771,-2263.9910454183764,34.9452074037798,-1.0
CLASSIC,0,Diana,1.9612417370420265,0.0,0.0,2126.854768463969,65.08067488507086,0.0,0.0,99.43686801871493,4.0,1850.1153323213875,46.74438366112946,-5.497068447506036,1.0
CLASSIC,0,Orianna,10.0,2.0,8.0,12908.780741494948,137.8566132944582,21.0,11.0,20930.124249920016,0.0,-1166.4305828284885,35.05507375808592,8.524730718677617,1.0
CLASSIC,1,Shen,8.784662013333937,3.0,7.0,13280.730762677213,79.28767112778698,22.0,11.0,21267.598142001058,4.0,-2454.0451077800094,-1854.2452115457234,-10.764041984637382,2.0
CLASSIC,1,Diana,6.0,2.0,0.0,11444.74388008643,190.83804694902162,18.708763816077987,9.0,15373.404622981196,3.0,2335.9956581202223,322.33224364336684,13.079519449041028,1.0
CLASSIC,1,Diana,14.704049041583824,6.0,2.0,16223.602057851303,185.53915207094846,29.28958317019003,0.7334013611248331,31482.72360320729,4.0,0.0,734.5514912284559,-18.0,3.8302977796354347
CLASSIC,0,Diana,10.0,6.0,15.0,16433.807960325707,220.20390828309007,28.22381539907795,9.0,33685.94188440898,1.0,697.1264346966177,-1.0195991597336267,21.445520595114637,1.0
CLASSIC,1,Riven,20.0,8.0,3.0,21151.26886090737,196.7212769714581,0.0,6.31748519474568,54313.92587684844,5.0,-2292.151156645017,-2358.0852033144174,-2.942230703605092,-1.0
CLASSIC,1,Diana,6.0,0.0,0.0,2088.6173077336307,212.0,21.0,11.0,6368.335774485162,3.0,1007.8378458564227,2293.917692062354,3.5604711547896373,-1.784752145920291
CLASSIC,1,Diana,14.207827425428665,5.0,7.0,17444.05769755388,219.05437871147467,22.0,11.0,33308.375774864784,1.1167554268463056,-2585.221264138909,-1121.4391799840128,37.57094545918809,4.0
CLASSIC,1,Diana,25.822192505526477,2.445683102521995,10.675421681730304,21420.01783046901,284.27385808985207,31.17132878365003,15.0,49188.22251741438,6.0,-1681.5001356532662,-967.9659378319778,-18.0,-1.0
CLASSIC,1,Diana,12.706777327485085,5.0,30.07699609302619,17795.9214879081,196.3436190981159,21.0,11.0,30341.329262423176,4.0,-1330.395933405446,-1307.996779181749,7.9866594281981245,3.712433696609125
CLASSIC,0,Diana,7.0,3.0,6.0,10583.817456627707,98.26102632615361,0.0,5.096027289192305,18825.68693303524,0.0,882.3945395345501,462.77404504099206,2.0,0.4946693512080388
CLASSIC,0,Diana,5.100054821259078,8.0,27.487079006725207,14934.695060940776,105.39525797626632,9.219245307761092,9.0,20787.685589690303,3.0,2478.8520215863578,1491.1795259328744,-12.153378097981937,-1.0
CLASSIC,1,Diana,6.0,0.05928851443255604,2.0,3525.3968458588934,64.43851471459902,0.0,0.0,2043.86465766328,3.0,2402.362848035697,4587.115845841518,0.0,3.0
CLASSIC,1,Diana,3.0,2.0,1.0,11554.931254223993,67.36797240462707,22.144302502851446,8.176773078670681,14632.368920877925,2.0,2399.8018901523765,554.1663187702466,2.0,-1.0
ARAM,1,Kindred,6.220474629455695,8.0,16.904923423873754,11988.100642838186,80.36641891660597,2.6510412525846045,1.976082551537024,20234.17409804957,2.0,680.4206561319231,3934.5316521524396,-18.0,-2.4012837675661425
CLASSIC,0,Diana,5.0,2.0,2.0,11044.939476894322,189.15274762726366,17.497001949674125,8.0,15035.813210449987,3.0,796.5726072496935,-860.2452066722557,-10.60366018757917,-0.5081945944611816
CLASSIC,0,Diana,20.0,5.0,12.069036841904826,19153.59979097296,191.50590700943906,22.0,11.162890416004863,50732.93466040907,3.0,-1532.189432583303,-1231.890372708344,19.537871441502055,1.0
CLASSIC,0,Diana,7.0,6.0,23.9101642110445,13714.011153660242,119.30517273086129,9.0,7.0,21093.398759940894,1.0,-1437.055801971555,-567.1576293933808,0.0,4.0
CLASSIC,0,Orianna,0.0,5.0,5.0,644.4669899069735,221.0,17.0,9.0,4308.5055730123895,0.0,-1949.4994347544375,-586.7389497478755,2.0,4.851524028574474
CLASSIC,1,Diana,24.888199107829504,8.0,11.399575938735923,22618.69523812096,256.7558360901705,36.6508073057343,12.0,53595.19632185696,3.0,-1508.6272521944761,-390.67869340050373,-2.0,5.564970951407175
CLASSIC,1,Diana,14.0,12.829510246327853,29.811679571175205,23072.671619062254,278.8130325219508,30.082704751363398,12.0,53650.41033876585,2.0,-868.3502572980328,-1277.4265547123462,-30.0,5.003296924332314
CLASSIC,1,Diana,0.8239073271115637,8.0,3.1828537423594954,8208.038795341847,45.33482034207891,0.0,0.8329985576190954,21076.498424538226,0.0,104.12372965850706,6.864402027557654,28.85905162327947,-2.0
CLASSIC,1,Diana,1.3038650050743152,3.0,9.0,13557.38900375859,248.38819810215907,31.0,12.0,15148.44919671209,5.0,-1499.2776935188367,-1236.0961113390974,-12.102831663584245,3.0
CLASSIC,1,Diana,9.195430615731492,0.8382202082729132,7.800060118580239,14645.021328800285,260.87322752226567,36.555098486293645,15.74489391608816,26142.36700735054,4.0,861.6040173484092,187.1042026699058,-1.4258369941425886,1.2970454306276327
CLASSIC,1,Orianna,4.0,0.0,0.0,636.1093188657399,46.90183731006213,8.121848086486361,0.0,92.43643645673856,3.0,-292.87110789607095,-75.44468380390622,1.5777330699772594,-2.0
CLASSIC,0,JarvanIV,0.2080102912040281,2.0,5.0,5152.716046878911,26.469893011109352,21.95801275025193,12.252307748081462,6083.064662773913,0.0,2232.2590733102643,1501.6442275624906,10.0,3.0
CLASSIC,0,Diana,6.0,9.0,2.0,14695.503608627043,175.41400748022946,18.0,7.0,32388.343202143216,4.0,4629.486280219745,2595.2624465377557,0.0,4.0
ARAM,1,Kindred,8.0,8.415016499270822,6.0,11563.08234970602,12.176197134973487,0.0,0.0,21413.091433316844,4.0,894.5595144837805,1512.7390856714303,-12.186591080872631,3.0
CLASSIC,1,Diana,9.0,3.0,6.0,18880.59551608985,211.03983068052634,39.3620189234821,15.579874829564801,27274.947768574042,4.0,1201.167688747079,1887.648270436745,1.0,1.0
CLASSIC,1,Shen,14.0,2.0,15.0,16866.864599889454,203.9522243445312,20.0,9.0,32124.381345717786,4.0,-1986.673661851002,-1720.555612639793,-15.441900111095268,4.0
CLASSIC,0,Diana,17.18442873615557,6.0,7.0,20475.484453761703,221.0,26.71244185809385,12.0,54555.79499516469,5.0,1973.6532669263547,34.275267063884854,-4.067087979901754,-2.0
CLASSIC,1,Diana,9.47536798061573,1.7509260646625115,28.20937766329701,13931.366155987307,47.82489087985285,8.226266536953633,6.782400940102857,15198.640265594333,5.0,-2139.642689175949,-1034.781848574464,-18.0,2.0
CLASSIC,0,Diana,4.332680655328549,1.0,5.0,7490.743847165713,111.8960506983637,21.0,9.0,3426.958640678813,4.0,876.7363479206001,2416.366466363259,-2.0,-1.0
CLASSIC,1,Diana,1.0678685552681328,0.0,0.0,640.5703401076252,235.1584425456928,18.131518959769185,7.0,83.083081670067,1.0,-2371.590752021798,-2290.950218983755,-12.95621615586122,4.566785795326887
CLASSIC,1,Diana,5.0,2.0,0.4168276830698365,12023.236796727158,202.6049688198742,23.108386931546594,10.0,15073.958520813158,5.0,356.79812675129597,-109.5338491459348,-17.636713526464774,3.9698242276122095
CLASSIC,0,Diana,5.0,5.0,0.47655840515664927,12154.913462600487,202.88770520717884,23.0,12.0,25464.35266599836,2.0,4157.561972688033,1883.6172063325591,0.2151145513779329,-2.0
CLASSIC,0,JarvanIV,4.0,9.378533959904203,20.262733414338765,9047.676928013252,199.682706165536,15.777026682188634,8.63350055253901,15501.475997825346,1.0,4598.59900609469,4968.972148970125,5.026874189764214,5.074643514701278
CLASSIC,1,Diana,10.0,5.0,8.0,15155.640305454417,258.90131482681244,26.387588212780923,14.370030311459578,33198.32067361823,0.0,692.2255318575947,-640.6425172542694,0.0,-1.0
CLASSIC,0,Diana,27.0,14.524973712236175,31.49543255779424,26052.990039665914,287.06598679428356,21.618878501294805,11.0,69190.98393256516,5.0,-2648.4235493242236,-2345.4523199350842,0.0,-1.0
CLASSIC,1,Orianna,1.7633875438112292,3.0,27.81618291756427,13641.405059995686,201.38537631406783,9.0,11.0,16878.913807796478,4.0,-2428.996165872326,-1170.9355190904384,11.279805901335953,1.0
CLASSIC,0,Orianna,10.0,7.50409381021132,8.0,14526.728663052032,234.8183483429504,18.0,9.0,24914.145197071415,1.0,-1049.1947881238812,44.603719837348095,1.11160071590969,3.0
CLASSIC,0,Diana,10.0,5.0,2.0,13146.518860412918,203.24833512317826,0.0,2.228453010070611,25926.03396868826,4.0,-986.2204950921615,-1587.3615023146606,2.932282010354725,-1.3588764520452539
CLASSIC,0,Diana,6.0,6.337774429899429,1.0,11562.32509568231,45.72027340642672,0.5556973620101611,8.0,18539.266662739356,4.0,736.2641632417154,2263.126128438923,10.0,-1.0
CLASSIC,1,Diana,10.30646510192528,9.0,1.0,19565.059835537286,165.54331664491122,26.127354583731034,9.0,53132.61135819928,3.0,-2459.102729172854,-1895.1338135025062,2.027828944753631,1.0
CLASSIC,1,Diana,8.022494017564313,2.0,11.351129821098754,11344.50920203015,43.9479078761518,9.447867626645403,7.0,14829.903233251856,1.8015236280371805,1116.9125717593745,1895.5984619046867,34.56482162228661,1.0
CLASSIC,1,Diana,7.0,9.0,7.0,13140.699595576363,285.33181492999984,0.0,2.7840126651727264,38491.32008977653,2.0,-531.1987405606031,-1219.3548272095068,-2.0,3.0
ARAM,0,Kindred,6.5101613660347235,9.55902128136136,24.99185679267426,14548.072762943852,153.03435718242218,9.075585319961261,7.0,27244.147272435355,0.0,3932.323434280618,4679.439669079823,-2.0,-1.0
CLASSIC,1,Diana,7.0,9.0,30.822815568531155,20145.936258698825,240.0,39.47609108847533,15.0,32182.31687657742,2.989798499587942,2133.2687441545263,1070.6885299031226,-2.0,5.0
CLASSIC,1,Diana,1.4812270571589958,9.92836686524451,12.0,13149.35487709345,66.22736003987085,8.002003482527956,0.4591395968971309,21014.75979423494,2.0,3859.763057680886,3382.2632486840384,-2.0,3.0758126215564516
CLASSIC,1,Diana,7.0,5.0,13.924283558175805,13367.705253394495,220.4752293018582,26.24578980180747,11.0,29617.315180529822,0.0,-1866.123454844627,2141.0613484489472,14.898226538723057,3.0
CLASSIC,1,Diana,11.926090656902039,2.0,9.0,13187.567708508495,194.31559598767964,0.0,0.0,25805.39686471554,2.0,-2491.050858550545,-1597.1825365665861,10.0,2.0
CLASSIC,0,JarvanIV,0.0,5.0,6.0,644.387126440389,123.30011341761234,0.0,7.0,44.1917781697713,3.0,5992.640440412522,4308.3348633824135,-2.0,2.3179074567497246
CLASSIC,1,Diana,11.861373619127596,10.0,14.437459794969909,23618.55593075726,286.9324056402095,26.531512388398003,12.0,66047.4867940383,1.0,-465.2336602751817,-777.5093813286308,-18.0,1.949162689402328
CLASSIC,1,Diana,14.0,3.0,14.0,16473.623789041412,232.73906721929046,31.0,11.0,26236.911754372843,4.0,1201.8416428461528,43.52416932618626,-11.759464588613787,-1.0
CLASSIC,0,Diana,10.0,7.9183612034935695,15.06548254586792,17041.65857869927,106.19980238229725,19.0,0.21003569532997035,26267.376468337796,0.0,-1233.829085758886,-1720.702942458942,-30.0,1.0
CLASSIC,0,Orianna,4.0468448414822555,3.0,6.0,2454.5344172848218,46.259116404733675,17.741022794393395,8.0,3424.9328543739935,0.0,-2161.9414279521475,-1576.3329816615383,6.144090830753435,1.0
CLASSIC,1,Diana,14.726851565550243,6.0,3.0,20626.986466175098,286.7918546178609,33.454577477365,12.0,49405.363977287445,1.0,-2617.560216734126,-1944.9226103347787,-2.0,4.0
CLASSIC,1,Diana,17.8496503000726,5.0,14.706729923367726,20354.740119272952,212.0,20.0,11.0,51026.43137035547,3.0,-303.1929789735773,1150.3938175688575,8.369017439921496,1.0
ARAM,1,Mel,27.0,8.0,30.31475467943544,19845.836245296374,132.4952867923698,10.0,8.954919299532024,53005.29374812511,5.0,-1008.5028630504396,227.81449334920688,20.001239969687163,-2.527718160584733
CLASSIC,0,JarvanIV,3.0,2.0,8.0,7668.432316372683,38.5071798508791,15.439289572732179,7.0,6596.3773993626455,0.9910133351237453,3939.051647476678,2893.740889490384,-10.0,-2.0
CLASSIC,0,Diana,4.0,5.0,0.5133564057906186,11639.42276608798,23.056597349491597,16.61838579172637,8.0,16758.908297542835,2.0,6479.077705752386,5091.35534218262,36.55168293058858,-1.0
CLASSIC,1,Diana,14.628139353337922,1.0,6.0,12858.903657399589,227.8474635386017,20.76260502592418,12.0,32394.028533268687,4.0,2459.8756327752812,2492.8973964766647,37.9108870305623,-1.6899644264905191
CLASSIC,0,Diana,4.0,3.0,0.0,11565.543225503225,34.67878080834531,22.0,7.0,16337.975275848848,0.0,-318.78206087617536,35.56806253614485,2.0,-1.0
CLASSIC,0,Diana,6.0,3.0,1.0,11521.169583987143,83.68392282848912,22.679267889277266,7.6642330543308885,7801.881626657172,1.0,4491.4340604149065,4944.489173119826,-10.0,3.0
CLASSIC,0,Diana,12.04158679470459,6.0,5.0,19183.44509213487,135.9090119687302,26.728658585170702,10.0,32378.132945495316,4.0,11.000068019864615,-1716.1926670816779,-11.530857222569516,4.0
CLASSIC,1,Diana,10.0,7.085836206555574,9.0,14138.29542141603,108.01708494175128,17.0,1.8241211713205254,25902.333165882665,3.0,-779.6289366326511,0.0,-24.01992400913084,4.0
CLASSIC,1,Diana,8.0,3.0,5.522466176568511,12784.311774166652,230.4141682097019,21.0,11.0,18940.34163529057,3.0,-928.324470695756,-23.166493595578256,-2.0,1.0
CLASSIC,0,Diana,7.0,0.0,0.9649362763998852,12722.98578913763,257.6724095384413,40.702439611881104,15.964716573658514,15376.007721011018,0.014103903021588286,-2512.82037865356,-2360.392972013663,14.040346890165216,4.0
CLASSIC,1,Diana,25.353096742393067,8.0,8.0,21103.359301958688,211.50272658164067,21.0,9.512208052564068,48775.61143231531,4.0,746.8907410475211,-786.5654122876391,-30.0,1.57818300427177
CLASSIC,1,Orianna,0.38455960575845316,2.0,1.0,11510.40811139741,250.91361605328743,35.29202407175513,15.727411212022423,7791.407965807008,3.0,-1377.2621302959994,682.7654037798213,35.70011678493849,1.5565826293313947
CLASSIC,1,Diana,10.010845173215792,6.0,28.81204892940626,16237.848314700963,290.6218588867242,21.32200855159291,14.414026199953009,33662.16819883991,5.386420412699833,842.4366140897771,23.260095415198304,-18.0,-2.0
CLASSIC,0,Diana,6.0,3.991327442428116,3.0,11561.677751653702,239.13206003965408,20.0,11.0,18720.97741862578,1.0,-900.7829280780708,-1507.7203573983538,0.0,1.0
CLASSIC,1,Diana,10.0,6.980522781967571,8.0,14460.82370840585,121.3900926183844,0.0,5.88333093213013,29524.45666443913,4.0,-1946.4197590793315,-494.8334121050655,12.22235544917018,1.0
CLASSIC,1,Diana,4.0887672088353995,2.0,6.0,10541.331997015106,79.90314082141815,23.674078351428207,11.0,6151.564451922935,1.0,4413.681463727786,3442.4317692777163,0.0,3.0
CLASSIC,1,Diana,11.715466999722793,1.8082283761076638,1.1428038316017664,18755.489533234133,295.82268030081235,40.65988517724944,15.497366630119291,42897.75091818227,2.0,-753.5727573094227,-1238.5614224955482,-2.0,4.0
CLASSIC,0,Diana,12.0,5.508954186621163,10.0,15769.080598598053,153.63526667698468,0.0,9.0,33725.93961635682,0.11441447986036186,-2272.891946176443,-1933.8502900807032,19.720341895673638,2.0
ARAM,1,Mel,14.0,9.0,14.355656141221166,19726.233627255373,120.5968508864645,14.207360926235612,1.4060759214532763,50279.84787949993,4.0,-1052.5035916266447,329.68192864178053,-2.0,1.0
CLASSIC,1,Diana,10.0,2.0,9.0,10501.027899648729,38.762661760295764,19.0,9.0,9299.989981236431,5.0,4169.21207956696,4304.922751067087,26.383702992156834,2.0
CLASSIC,1,Diana,6.0,5.0,3.8252185736501723,12195.76469287449,161.45107922741227,15.001592135671968,6.500279543693813,23494.974464954787,0.0,1860.68473966307,0.0,0.0,1.0
CLASSIC,0,Orianna,6.0,5.0,12.0,13472.040906824412,220.83597773147096,20.602198084946384,9.0,20924.459125463854,1.0,-1586.8493392289583,-578.3592967015052,0.26239635791998267,4.0
CLASSIC,1,Diana,4.341970208618013,0.0,5.0,6013.181788049613,1.7453233334581217,14.780204345396747,0.9405453215917932,99.3593300672478,0.0,267.38602278124097,5057.186614522328,2.0,-1.0
CLASSIC,0,Diana,10.0,0.5056065672559802,0.0,8156.878259340864,46.56250018315951,18.0,7.0,14741.35759750728,0.0,5239.492157993727,3083.448702326033,12.0896735807856,0.1458551111258849
CLASSIC,0,Orianna,1.0577494364353763,0.0,1.0,629.0103769027994,2.7630139657541513,18.0,8.0,67.9978314620986,0.0,-287.75629512838714,-1197.9597276194365,1.217845962782903,-2.668553094104043
CLASSIC,0,Diana,4.0,0.0,1.0,9319.735394143965,211.84814399045325,26.320659136526988,13.534714671908628,7424.11458344613,0.0,583.3798391326461,-890.204050546459,-2.729742538108115,2.0
CLASSIC,1,Diana,10.352498977814685,2.0,2.0,13947.848698527772,142.2661178810946,7.0,5.567417728770812,23757.66363535672,5.0,2645.0486520612503,4299.700434149666,0.0,1.0
CLASSIC,0,Shen,6.0,1.0,12.0,8561.636632210622,32.17634684312554,0.0,2.868812859034623,14624.591419571489,0.0,-1896.733450716163,-1404.1011331636612,-11.708941518694708,-2.0
CLASSIC,1,Diana,5.0,2.0,3.0,12930.637046426951,46.502520630463685,23.0,8.0,14654.628560242889,5.0,-2185.832658922583,-1345.2731228166683,-18.0,2.0
CLASSIC,1,Diana,2.6821680112317523,3.0,2.117404990567991,12376.392073921754,107.61865046414863,21.0,9.0,14719.478209668392,3.7246934493647164,1213.1596070329458,18.31553482631777,-12.78686985991716,2.0
CLASSIC,1,Orianna,8.120001324993819,2.0190179574562044,2.831594061898786,14077.99216152718,257.86229857223,20.0,15.017373952682474,26517.794955605634,5.0,-2195.8302187469103,-1368.8000384703128,9.796030937563211,-1.0
ARAM,1,Kindred,14.0,6.399099136923473,14.0,16424.340387274126,221.0,9.022758188573931,0.582734869717505,31240.596641799348,1.0,2288.64431116314,2502.191090299682,-2.0,0.46769914414594593
CLASSIC,0,Orianna,7.0,2.0,2.3633153997729184,11961.886032358701,209.36951518343886,0.0,11.0,21053.969832181552,0.209780311023665,-1940.0765654078145,-1721.758472073713,21.023590372282168,-1.0
CLASSIC,0,JarvanIV,6.0,6.0,11.50845858501766,11679.780752667915,202.9620654134956,20.0,9.0,16933.2304288133,0.0,889.9844311410758,4723.534064411391,37.273223738987646,1.0
ARAM,0,Kindred,9.132568447020605,8.0,12.0,10042.003846628219,0.050024236791192875,0.0,0.0,19706.670256067206,0.0,4773.828704120798,5128.655767182643,10.0,1.0
CLASSIC,1,JarvanIV,5.0,2.0,28.02061737978562,11563.506908630054,55.686902610204605,21.0,11.865025548813904,15900.327569902645,2.1588125579638713,2275.0,3573.2449740624306,1.1320726096702576,1.0
CLASSIC,1,Diana,14.765132682955599,3.0,5.895928470476748,13385.260191222038,199.2196963085265,21.0,11.464215687400841,27234.490614063645,0.4051831156648821,-1220.0168216659397,-1599.706723874515,35.008558377632156,-2.0
CLASSIC,1,Diana,10.0,8.0,6.781117371962562,16295.616207230449,211.1140833302281,21.531368580059503,9.0,32828.39767514342,3.0982638128773936,-2040.6926919248688,-1718.7875139079188,-27.190680514435254,-1.0
CLASSIC,1,Diana,12.0,2.0,15.0,14608.719137534803,191.99558938739378,18.817188401706723,7.0,30189.42292712826,4.967686655373709,631.9151206196914,1180.9835731384198,-11.4090198932915,3.0
CLASSIC,0,Diana,14.105160209705053,3.8737249043812017,6.0,20376.182999815832,246.39167731173563,18.0,8.0,37003.2048914679,0.0,-1219.1356281407982,-2002.1979648729289,-18.0,2.0
ARAM,0,Kindred,7.0,5.0,14.155312079725915,13552.784879192352,135.09261040716714,0.0,0.0,18777.421111777803,1.0,2389.399134992144,4962.925354986373,-8.87083848419821,-1.0
CLASSIC,0,Diana,12.0,8.73993655293261,27.647583169883863,16218.856679716473,58.26200924158118,21.155662359037347,9.0,27236.770560446053,0.0,2387.891545947528,2053.5534776109794,-9.858466233415287,3.0
CLASSIC,0,Orianna,0.37574363668341215,2.0,0.0,8914.175936270807,209.28388653353437,22.0,9.0,6176.755561702209,0.0,2348.3134572913823,2306.4083037567398,2.0,4.48097586600413
CLASSIC,0,Diana,8.045236212393847,3.0,1.0,12103.667718651264,221.0,0.8202917888900372,8.0,20830.8102524227,1.0,6265.481767092164,4953.140606807923,10.0,2.0
CLASSIC,1,Diana,8.0,3.0,7.347054741156277,11538.453729306375,180.94005396774048,20.0,11.0,18693.461602046198,4.0,2324.987588603639,1255.8517806900263,2.0,-2.0
CLASSIC,1,Diana,7.0,5.0,6.0,12813.98956922266,14.93505649312084,0.0,0.0,15068.102079130622,1.0,-2141.7145817636665,-2305.34946167729,2.0,2.0
CLASSIC,0,Diana,7.0,6.0,5.0,13397.11326210183,32.87593942786599,11.074052769331763,7.139640858331907,20028.32506177871,2.3439024794318577,-535.0424722316383,-60.779448462837166,-2.0,-2.0
CLASSIC,0,Diana,1.318943407135453,0.0,6.0,630.3886985346974,1.934633914126412,0.0,0.0,7.550007781976051,4.0,-178.41620824898325,1471.1796574018856,1.0,-1.0
CLASSIC,0,Diana,8.209712765698516,2.0,0.6962502347874591,12865.800696128905,284.94181721657446,31.0,12.0,26263.94396359742,3.0,-1317.3136015005362,-1720.9340063326554,0.9468779737980527,-2.0
CLASSIC,1,Diana,11.73139971639632,9.0,5.0,17012.410886677713,221.0,11.738656309961584,7.691737489349865,49509.85791869285,4.0,881.8265229973592,824.8385779729629,9.004030914029817,2.0
CLASSIC,1,Diana,12.0,6.0,13.958457756894719,14512.04678441604,152.614677042614,18.514846868838358,9.0,29336.03292816792,4.0,-1051.5246703196715,-467.1045524760574,2.0,5.0
CLASSIC,1,Orianna,7.0,2.0,14.0,14590.284194067985,47.60899101673115,19.0,6.0,15372.365551800383,4.0,-2382.720013617549,-1970.8569083841578,-14.49024959064728,-1.0
CLASSIC,1,Diana,9.0,6.0,15.0,15168.852732705296,175.19251242238101,19.0,6.0,32392.192197225708,4.0,744.1253921102996,-261.1596502440473,-2.0,0.6609996080182562
ARAM,1,Kindred,13.62447247766652,3.0,14.0,12880.70596609834,38.472795412683375,7.0,0.9360632682159532,24118.904628265307,4.0,-821.4914471708332,735.7659798276231,2.0,-2.0
CLASSIC,0,Diana,27.0,6.633540620670153,5.0,20277.510995366676,58.50054189069303,19.0,10.0,54435.87771863048,4.0,2708.654814979034,2506.897537581671,20.430354426113542,-1.0
CLASSIC,0,Diana,14.0,6.0,7.0,16939.394439551936,202.76104467499144,18.0,7.0,44398.43341837106,4.0,2448.7150099618716,319.40347626499954,5.812370063901481,2.0
CLASSIC,0,Diana,0.5165305306062382,8.0,8.0,10549.984687697892,207.0426111618439,0.0,4.952283580275075,15370.912848103668,4.0,937.3877419223667,0.0,0.0,-2.0
CLASSIC,0,JarvanIV,0.0,4.877499252434131,3.0,3187.556440052671,189.25591907993604,31.0,11.0,1438.691754759928,3.0,5455.089281591337,4241.68833556594,13.484926792548794,1.0
CLASSIC,1,Diana,11.861528701701712,7.083314897676134,21.746123119148677,21407.254071321346,209.7834371067754,33.63832015591173,11.312543195246302,46249.76303616193,4.0,-1486.9907208305974,-536.8097641770926,-13.0,1.0
CLASSIC,1,Diana,21.212951470722324,9.577618357959217,17.92673346442302,19540.73891722357,198.29620375911963,21.0,11.0,53200.485875098224,5.0,593.3883890226849,-97.53887418808651,-26.646433697695976,3.0
CLASSIC,1,Orianna,11.297434416791381,2.0,3.0,14669.570448801325,141.39919424321656,7.945429040314357,9.0,24454.395738308933,3.0,884.4362896645328,-42.22815861941382,1.0,1.0
CLASSIC,0,Diana,6.0,1.0,4.246486274638958,11530.7619814912,82.03801257191203,3.797694754412765,0.0,6969.9303070632395,0.0,-100.60058061355903,-533.014684736864,0.8007975949031653,3.0
CLASSIC,0,Diana,7.174599283419649,1.3012962403047181,2.0,8008.361785727785,184.27595972904695,17.0,11.0,7551.506005853758,1.0,718.0158076911216,-1078.0760771288822,-2.0,1.0
CLASSIC,1,Orianna,9.778716499146613,3.525016866116018,4.339100999438794,14610.969127300486,241.9473378818563,23.211545360640244,11.0,20150.979428560182,4.0,-1201.0224010890415,-874.7502010667588,-10.829266373345371,2.0
CLASSIC,1,Diana,12.496379312433646,8.0,11.971630796206158,18606.24191662916,211.48458611389844,20.0,8.0,36868.64524686408,5.0,-1046.3225720212208,-1718.6691566209095,-3.7327738565634156,2.0
ARAM,0,Kindred,13.992574784018606,10.0,7.0,15503.492919844271,231.4897543455057,0.0,0.0,51886.887871943385,0.0,687.6387991074449,1179.627848295766,2.0,-2.0
CLASSIC,0,Orianna,6.0,5.0,0.6412884992055238,15444.678653095345,284.0949049354619,31.0,13.901979572255623,25298.37796240308,5.0,-902.6051188666373,-1242.0296842090697,0.0,2.0
CLASSIC,0,Diana,8.046425168581177,11.085989100200578,15.554609972517547,17827.54490706512,198.0,8.205362815571156,3.2897224110316996,43485.88674437785,0.0,-1221.2673837024952,-505.7463090923999,-3.6839795156348196,5.0
CLASSIC,1,Diana,8.078425629055037,2.0,7.336456979335144,11519.731642356473,146.41741092679214,31.0,12.0,15765.269077185003,5.0,2814.2019277009776,1806.1864072272574,2.0,1.0
CLASSIC,1,Diana,6.903184153277219,1.7322445633452659,9.0,9390.370517756342,212.0,22.7698537456655,7.0,11595.335910355168,0.0,-2000.470748868826,-2328.3756464805297,0.0,-1.0
CLASSIC,1,Diana,16.06548831315778,2.0,1.554887298985522,13381.401681209063,18.577812088529278,26.578454694066146,9.73756881741336,27232.617120444673,4.0,-779.2679711816872,-1394.7482944706105,-2.0,2.0
CLASSIC,1,Diana,7.0,8.0,3.4110031420556512,14068.056934629698,176.07277708058666,15.54763625621255,8.0,24065.766260518772,4.0,0.0,1654.7420522750092,0.0,1.0
CLASSIC,0,Diana,8.472346887158759,9.0,4.107764309210348,12802.422790033228,11.790267408705098,3.31490252991136,1.0759972522451045,18312.023537113422,1.0,-1644.265278196699,451.2332289645556,37.52383513198559,2.0
CLASSIC,1,Diana,0.0,1.0,3.0146550206653875,628.3849680930953,212.0,18.0,11.990164338262863,17.532093767385724,2.0,1646.2286953394694,-1032.8648810547322,-2.0,2.178829723721301
CLASSIC,1,Diana,10.079812449598158,9.0,9.0,19227.9582708565,230.71514368755984,8.367650542782435,12.0,38988.522828807865,5.0,-2489.75950663669,-2323.663362616003,-2.0,-1.0
CLASSIC,0,Diana,7.0,0.0,0.0,9188.127064859236,36.915138917778165,9.0,0.0,6508.2848154079165,1.0,216.16734992450006,-937.3973957347562,-17.281946302980547,4.0
CLASSIC,1,Diana,0.0,1.0,0.0,5961.391172056882,197.13963907207287,19.602023081730007,11.0,6706.726078536117,4.0,1208.1890237179198,131.24368428945985,16.977679559330326,1.0
CLASSIC,1,Diana,3.0,6.0,5.0,12766.04917530368,211.55134404679052,21.691390595432647,15.0,20532.288424324106,4.0,2456.9442114074373,1890.9948527186732,17.29634959816227,-1.0
CLASSIC,1,Diana,14.0,3.0,6.0,16433.381149560824,129.3569027787897,9.0,8.0,25234.79034549602,0.5087136006893217,-2037.2699145362349,-2324.55248516301,-12.031695925130641,4.900520939169841
CLASSIC,0,Diana,7.0,3.0,2.0,11520.52843644681,203.95336812846847,0.0,4.075248797501049,19335.689052730988,1.0,-1216.3656550763517,-1536.729945608097,-2.0,1.2333981774457694
CLASSIC,0,Diana,27.0,5.0,14.175313554543342,22820.19743297849,217.72049160161419,22.0,12.0,65718.98007631212,4.687762951128662,-1256.4190812690208,1885.6012441721048,37.95655804403679,3.544316647657361
CLASSIC,1,Diana,10.0,6.0,7.0,16531.078693680192,126.63240055748625,15.449955405456182,4.4980752429745205,30112.229786515276,4.0,4492.338354531078,2520.0010114349475,-18.0,1.0
CLASSIC,0,Diana,8.0,8.0,3.0,14435.440857234038,257.0597065388503,18.0,12.0,30314.667101982344,0.3425875820228555,-1452.4815827116233,-1962.9740499428397,12.368356233743535,-2.0
CLASSIC,0,Diana,12.0,0.6181716065241716,2.7789273663699685,12737.882364357672,154.12409607718132,4.724786541641439,5.385377463954904,20117.551729362083,3.0,-1049.146508668924,-1404.3823416541984,0.0,-1.0
CLASSIC,0,Diana,7.0,0.0,1.0,4433.530281993792,244.62272372884829,31.0,12.0,6151.1829873618135,3.0,2397.126685009428,3536.090066885431,1.0,1.0
CLASSIC,0,Orianna,0.08927867093096162,2.0,0.0,7844.735831811644,47.20260142300768,11.05362351967479,8.0,7959.997811355076,3.0,921.0512237959774,492.14103538339526,29.494349387372203,-2.761768001442223
CLASSIC,0,Orianna,6.0,3.0,7.0,13351.893250039553,268.0317435733218,18.0,8.0,23883.133797909042,4.0,865.8397330325066,1977.9798424498529,-2.0,1.0
CLASSIC,1,Shen,1.1237542692001612,7.0,10.0,12839.782081904308,40.39045123138122,16.602459285959934,6.951851986416846,19508.742241547665,1.7491608755570933,-302.8134724754433,-1452.2138113011272,-9.485184581345171,1.0
CLASSIC,1,Diana,14.0,6.274104808461121,6.200667298599639,20462.392811808142,240.0,16.605060005724415,12.499221006233963,52783.21041820084,5.0,-182.35154775295825,-1280.9556904905005,0.0,-1.0
CLASSIC,1,Diana,20.0,2.0,30.04395324183379,20101.517976989406,219.85680172601803,17.742015573096932,12.0,33627.06105393344,5.839811067023344,2352.72823666976,452.16907479998326,-4.034834277785863,1.0
CLASSIC,1,Diana,14.0,3.0,8.930783733202205,14149.157397666857,3.506246452645339,20.49665394623181,8.0,27374.250918346374,2.0,5627.043605029725,4224.600731767228,4.829747285280022,1.0
CLASSIC,0,Diana,7.41612023868808,8.0,31.338540613228584,16528.699382410497,198.0,29.387633454744662,9.0,31528.75672680413,0.0,3675.378101089297,3316.5175366021213,-5.818302528286589,1.0
CLASSIC,0,Orianna,0.0,3.0,3.9207115516357067,8870.090312669234,211.561991936189,15.612956922062542,10.942729926230326,8299.181349656244,3.0,-38.962001403720876,-208.08434449050748,2.0,2.0
ARAM,0,Mel,14.0,10.0,31.791596555089924,20343.42010278231,208.63485840000428,20.04964824609027,9.0,61549.00843501516,0.0,-1002.9531002767649,-208.907973833132,10.0,-2.0
CLASSIC,0,Diana,4.0,9.0,3.4228175673917507,11865.054463228375,45.68254516907903,19.27702031128403,7.0,17241.735757595095,0.0,-2217.7934758928727,-376.7690093586348,-1.886793428348606,2.0
CLASSIC,1,Orianna,3.0,3.0,2.0,9939.75664147295,291.42029635194945,20.0,13.219101062302597,13827.286206303714,3.0,1204.022663481263,1414.2500926308358,-2.0,1.0
CLASSIC,1,Diana,5.0,2.0,10.0,9826.946716412931,201.77958445430238,18.765658285609298,8.0,9437.59102496245,3.0,1206.3325937506204,659.4585026368505,-2.752436492376318,1.0
CLASSIC,1,Diana,20.95825157466315,0.5753073650959487,6.0,14735.26498718541,198.82851125448383,20.0,12.0,27278.490451666843,5.0,122.97330157590066,325.00510316469206,2.0,-2.0
CLASSIC,0,Shen,3.9022766756579306,5.0,6.0,9514.096261445362,103.144866820694,0.0,4.269652693711251,12431.833759278003,2.357235006531738,-1360.337347905794,-1391.4072138410745,-16.309067345482173,5.0
CLASSIC,1,Diana,6.198593265087974,5.0,3.0,12852.921229417907,239.15719470214435,28.706672516662884,15.746651593749664,21549.89040683189,1.0,2075.095008548542,315.46030789829405,3.732657660673225,5.701081155743202
CLASSIC,0,Diana,0.9476118053496922,5.0,0.0,4103.741169737486,35.8145741965436,17.0,5.659323642515455,7824.075924852689,0.0,6827.460696067449,5120.471660298271,-10.0,3.0
CLASSIC,0,Diana,0.12953140646607317,0.0,1.0,626.6462936332434,160.63407529042027,7.0,8.527541923955955,24.10001616111689,1.5181945970657267,-1321.1227628859385,-2361.1697728996664,19.692045976982783,1.0
CLASSIC,1,Diana,12.0,3.0,13.881545183179725,13777.582386666969,161.73657638964687,20.0,11.0,20954.548302613122,5.0,2429.268092060758,1128.4070448537977,0.0,1.7061305215193237
CLASSIC,1,Diana,13.638154721133144,8.0,15.673575948410218,20366.151985760487,200.79120392823407,21.177262419249637,11.654418826906374,54704.021151260815,5.0,4346.2620428597465,328.0767877573068,0.0,-2.0
CLASSIC,0,Diana,10.0,6.0,10.0,18901.0006742659,229.92773735757115,19.0,7.0,36264.822892907716,4.0,-194.77760545284454,-1222.8129329854032,-18.0,3.0
CLASSIC,1,JarvanIV,1.4869585777062473,7.0,8.0,8532.672079408574,18.244458784566483,0.0,1.5418371827994308,14666.707593066345,0.0,3502.7596353413423,4207.784511231958,7.105437592790584,-0.024247182424853686
CLASSIC,0,Diana,1.4752080059522417,2.0,7.0,2340.6374850565758,219.945341641998,0.0,0.7616786333849187,8088.233789682252,0.0,-6.5548617650096475,449.4167042791963,-4.535043189894639,-1.0
CLASSIC,1,Diana,10.0,3.0,5.0,11553.928958695386,0.8127897770905119,0.0,0.0,18335.115785034366,0.0,-2676.8341363681016,-1241.854438343734,11.08246531824978,2.8795956342770195
CLASSIC,1,Diana,6.0,13.651716619419364,9.715255524175726,19507.557252045543,249.5786349917621,21.091067444612275,11.0,38790.22949331322,4.0,5578.758146639575,3263.517927482762,0.0,-1.0
CLASSIC,0,Orianna,7.0,3.0,6.0,9989.121934927718,197.98012046330635,9.0,7.0,15318.75367392747,1.0,-163.7353604494258,341.52276868976213,0.4679897988543284,1.0
CLASSIC,0,Diana,24.024854201473964,8.0,13.717285262780598,21132.372919424153,224.4196149650777,19.0,9.0,55477.22478458079,0.0,-1469.4366995541923,-2332.6665409906063,0.0,1.0
CLASSIC,1,Diana,14.0,3.0,9.0,15518.05820166064,35.907116511393845,11.456292732565558,4.043158359655974,25921.113024827893,4.7275669948023955,135.57135798908743,2599.6876400695373,4.034191827397743,2.0
CLASSIC,0,Diana,7.0,2.0,2.0,13142.216142446858,298.9212868530754,22.0,12.891203511177117,20220.224380261017,5.0,-2724.011831778567,-2354.7349519402064,1.607326802024068,5.0
CLASSIC,1,Diana,3.140582026942008,3.0,3.0,14181.80099161517,231.36226110365868,40.2828393036011,12.67158164197444,18233.68781984341,3.0,-26.47798113372825,-255.99017631855787,-2.0,5.0
CLASSIC,1,Diana,18.992701602966097,10.239168766024104,5.0,21223.354944919643,223.59036254038375,22.777727698089407,12.0,55336.36980264994,4.0931227788397715,2401.4048090664005,450.33905089479566,-16.196942459317775,2.0
CLASSIC,1,Diana,7.0,2.0,6.0,11545.241984176486,44.25845567452405,0.0,0.0,13226.77000212131,4.0,-1519.0992033235602,20.18894295850703,12.082400817300998,1.0
CLASSIC,0,Orianna,0.0,2.0,1.0,10461.641509079258,229.02362050175353,21.0,14.71669463624119,8320.216748546629,3.0,2275.0,2516.9678645195995,20.642242084229984,-1.0
CLASSIC,1,Diana,10.0,1.0,6.0,11559.5232242021,202.044146548311,19.0,7.900782870252565,15289.671179894094,5.0,871.9843090200485,657.6551016920316,1.789785027394232,1.0535610047720336
CLASSIC,1,Diana,6.0,5.0,7.0,14548.741948922465,289.78342161397313,19.0,11.0,31558.918600302008,4.858886250237253,-885.2948434982123,-1103.2135122481725,-18.0,2.012562822720994
CLASSIC,1,Diana,14.0,3.462667342340778,16.97501940011169,11740.218346817928,105.27060554183181,0.0,0.0,16018.231129670941,5.0,-2122.0270647580332,-991.2518036361448,-13.0,2.0
CLASSIC,0,Diana,9.0,3.0,6.0,19516.47784462511,298.86068001233076,38.13962530997932,15.988663460482819,43296.379541708535,3.0,2275.0,-383.5078765665221,0.0,1.0
CLASSIC,1,Diana,15.429534465284277,9.915425134671366,16.605026596938615,20392.79178095382,229.99904502815406,23.0,12.0,53013.57472829626,5.379959461044313,-2171.0590557666596,-2360.7600146569716,-2.0,-1.0
CLASSIC,0,Diana,6.0,9.0,7.0,16192.336075478823,198.82626902483054,20.0,11.0,26263.04156985702,2.0,-756.5056885069548,-403.08075796425413,-2.0,2.0
CLASSIC,0,Diana,4.0,8.0,2.0,13854.376412704216,63.74762039022978,20.0,11.431195049572718,24361.260129676688,1.0,608.5165617811065,698.9528838196288,37.85453122623031,-1.0
CLASSIC,1,Diana,5.049068641067483,5.0,7.0,12715.0179241342,135.18001248676146,0.0,0.0,18106.778319403355,3.7330595142959435,-956.3507208169116,-845.2305342443664,2.0,1.0
CLASSIC,1,Diana,6.0,0.0,0.0,12825.854646326343,46.000019393029305,18.492163400296956,4.153423736445148,7659.401621911468,5.0,-1421.0050235331064,-2170.6562142179337,-30.0,1.0
CLASSIC,0,Diana,2.267805101172318,0.0,5.0,10581.152498933163,208.10114990447718,19.036951417429087,12.0,3707.1534117727365,5.0,897.0351931219167,-860.1963525625531,-30.0,1.0
CLASSIC,1,Diana,13.641519323665333,6.0,4.2468992265241505,20136.119026468525,257.08815308264525,10.0,8.0,50420.55842228524,3.813621266445815,0.0,403.98460116313686,-9.630519768668469,1.0
CLASSIC,0,Diana,7.0,3.0,15.0,12214.834086541247,221.0,7.025526822936217,9.0,18779.933852548937,1.0,-281.48350805596823,-1161.931571064575,-1.1126805353696116,-1.0
CLASSIC,0,JarvanIV,2.294253758766232,5.0,8.046737635589414,6321.306778922755,3.009645759243844,7.062501149365943,7.0,10527.152643367512,0.0,-20.381390679634038,2684.8681912648517,26.252596994170382,-1.0
CLASSIC,1,Diana,14.0,9.313853512649747,15.0,24340.8064545817,284.1648441174063,31.95416631259301,14.096768757100083,67646.3744051583,4.0,0.0,872.6120918207966,-2.0,1.0
CLASSIC,0,Diana,2.100446340117135,2.0,1.0,7581.164299633128,202.85033259023285,20.0,10.0,6698.664298526286,0.0,-1144.1085792942426,-1219.9238394126962,-10.772367102986783,2.2490429597068147
CLASSIC,1,Diana,14.750643913140541,14.07761079875397,16.151979555521763,20069.929826378135,136.4344165602737,21.78376957418142,0.0,51055.73512318307,5.277716311420536,2276.5724680815733,2856.737343731507,-18.0,3.353273015681007
CLASSIC,1,Diana,6.0,2.6788460170199695,15.323396468458585,12721.325168432755,241.32921252031267,19.0,12.0,20155.85029233692,3.0,-2723.720519295047,-1467.1080852614969,36.88912579021074,0.5756095375294031
CLASSIC,0,Diana,5.0,2.0,4.47739681689971,9129.795156501004,1.3925269428944087,16.435854433035875,7.0,7635.867360700774,1.213339593263689,-2475.331115111749,-1723.5982765870367,2.0,-1.0
CLASSIC,1,Diana,7.0,8.0,5.0,11938.442876229556,43.0214735153117,10.0,6.0,18851.90656992111,5.0,2553.4254516112937,2275.067092655097,0.0,-1.0
CLASSIC,0,Diana,4.5439956444520435,6.0,7.0,13285.86510069136,152.6604237972587,21.0,12.0,18969.41967596554,1.0,102.05720071015487,-663.3997839053804,2.6454042295881806,-2.0
CLASSIC,1,Diana,4.0,2.0,1.3482861239636805,2439.9413654157743,108.14690425696082,7.422237616698064,3.515544967299386,7224.984183823422,3.0,4150.031675923329,1392.5239215318402,-24.27268054474757,-1.0
CLASSIC,1,Diana,3.0,2.0,5.0,10364.771456671351,203.72161981810126,22.0,11.0,14529.038885465896,3.0,3887.395712779013,4327.614460356537,7.128745628160277,-1.0
CLASSIC,0,Diana,7.0,5.470638646213249,9.0,11512.532215912393,17.48012124646111,0.0,0.0,10766.233418323112,0.30095674835336217,1210.8500465451305,0.0,-18.867749906594373,-1.0
CLASSIC,1,Orianna,0.0,0.0,1.0,630.4022084210959,292.37560766169963,18.56951486716646,13.177478046086799,57.48493533930994,5.0,-67.01202472276594,-1096.5446455218503,6.8637568224386625,4.0
ARAM,0,Kindred,7.0,10.0,14.0,14460.210845654068,46.686018648160974,2.0250978113373708,0.0,30608.00720383788,1.0,1059.3668676168168,-735.59828863395,0.0,-2.9424487814308606
CLASSIC,0,Diana,20.0,8.0,22.361766704691412,21540.1619004653,48.09582597034922,34.480473843859336,9.090909657400497,54976.177971918245,2.0,-2150.1115241952616,-1716.5392452677434,-2.197988798914051,-1.0
CLASSIC,0,Diana,10.0,7.0,14.0,15507.775779276275,244.79013850240784,20.0,12.0,32445.06701575241,2.0,-898.9362521104963,490.1653715097078,-2.0,1.0
CLASSIC,1,Diana,14.0,4.099979422195999,9.0,17555.803423918274,198.49369416109963,23.0,12.0,33734.69327414076,5.486559588897348,-1917.0568688278966,-548.5854431321455,2.0,-2.0
CLASSIC,1,Diana,7.0,7.0,7.0,14320.944096386076,208.04480299158644,0.0,8.0,27505.930129775657,4.0,-176.2158865027236,-1717.3235679156594,0.0,-1.0
CLASSIC,0,Diana,0.0,2.0,3.24759326112555,628.5507330382446,0.45434738403337305,0.0,0.0,87.26695340023261,1.0,2275.0,1545.2430584240624,0.0,1.0
ARAM,1,Mel,20.0,11.120402727419332,15.833653943292093,19998.904872167182,153.2450634660042,0.0,0.0,55534.18983189387,4.0,-1824.299810820644,818.3571740970117,16.20367415804635,1.0
ARAM,0,Kindred,7.116052171061757,8.0,8.0,15213.034389565319,120.22508233985324,0.0,0.0,30044.047040931,3.0,2670.491213780421,1903.4432600829882,-20.80589618829867,1.0
CLASSIC,0,Diana,9.635830310083147,0.0,0.0,13280.522908306293,136.93524907415554,22.0,11.0,20050.73047668588,5.0,-848.4929386854672,-1719.004916388743,-2.0,3.0
CLASSIC,1,Diana,10.0,2.0,1.0,10091.496026152327,12.93562229760823,12.770947589585088,0.0,15038.465535542076,4.0,-913.7016022345813,-560.8116559144063,0.0,1.0
CLASSIC,0,Diana,4.0,3.552756727544806,6.0,5766.186302069609,44.63514125440117,0.0,0.6381642774988128,16381.67027234277,1.0,1544.750002805896,3109.0581896812623,36.57054774411829,-2.9900615261594976
CLASSIC,1,Diana,7.0,2.0,2.0,12700.031729072547,45.646409408245404,0.0,2.2207259755982767,15992.393206096685,5.0,-899.2936904838258,-1716.8770716542376,-20.7124126236404,-1.0
CLASSIC,1,Diana,12.394355583780838,7.892932115250293,7.436486620935383,20410.773046703893,240.0,31.0,12.0,48828.50114320682,4.0,1679.390060578381,-48.54934158356379,-19.99040398339832,-1.0
CLASSIC,1,Diana,12.374406080737932,8.0,3.175151880868763,21633.098998872247,290.25099136865913,20.0,12.373339400662635,55510.23960124234,5.0,1250.3818893454545,-1379.6918907816764,-2.0,-1.0
ARAM,0,Kindred,7.0,6.0,9.222513850145342,12842.724709009199,6.477327621681489,7.923888132172737,0.0,15985.695475322329,0.0,2360.036587600531,3728.065464920659,-18.0,1.0
CLASSIC,0,Shen,8.319851119878173,5.0,8.835272884499132,13951.615737686076,80.11215825889072,0.0,0.0,21059.30692120709,0.0,-2462.3528269102426,-1757.0313172606989,-22.834609579478276,1.0
CLASSIC,1,Diana,12.0,7.0,9.968495260912432,21074.46408221327,203.70309005898525,34.62678345279171,12.0,50697.65171321885,2.432933829473796,196.13499152039125,-563.4796341119035,-18.0,-1.0
ARAM,1,Kindred,27.0,6.1187660952537035,12.0,14385.724387113845,43.69710915020434,9.361078589719853,2.151248644595257,43590.7762900198,2.0,860.3010885979619,461.983496350454,1.0243860881366893,-2.0
CLASSIC,1,Diana,12.167138092072106,3.0,1.0,13284.137730367946,95.80773540092295,0.0,3.9377680016410745,23737.689208790383,3.0,-1709.0004134728217,-1103.2715055438684,-27.93453762806508,1.0
CLASSIC,1,Diana,7.0,2.0,3.1781514076544757,12878.603635092304,195.96836232418013,18.0,9.828368245119286,20236.54779918405,3.0,2298.6352669960484,1204.0030071832464,-30.0,-1.0
CLASSIC,1,Diana,8.393510990162245,2.6399449804470816,9.0,11244.199456667004,200.70727197342575,31.0,13.717869382863972,17097.482708034386,0.0,1601.2438326295942,466.85973654016414,-2.0,-1.0
CLASSIC,1,Orianna,3.1378712172917806,2.0,4.176705133129765,7760.819055767128,288.4164893162159,19.0,15.08204015890221,6217.430963573691,5.0,-2121.2790765578447,-1394.7586799540486,0.0,3.2418658950460393
CLASSIC,0,Diana,2.743745936456762,5.0,6.0,7649.062665263569,3.6742925295084263,0.0,0.0,8160.6612182406525,2.0,-1380.5254801926221,-904.859225531611,-18.0,-1.0
CLASSIC,1,Diana,7.0,2.0,9.0,13945.722084108798,115.7509138701157,23.20229087725719,9.524501180947736,18883.012379437867,0.048983041033056805,-2524.779074466618,-2345.6778434313774,7.152314444724976,1.0
CLASSIC,0,Orianna,2.439720825481279,6.0,0.0,9324.582800068249,235.96066785264787,18.0,12.0,15375.417953086384,3.6229286405681735,2206.7166532310557,-54.61524734686088,36.86063291743435,1.0
CLASSIC,1,Diana,8.83217814381482,0.831022446196799,0.0,11981.525885988394,123.97102649323648,22.908259532226676,9.819297454166904,17191.67239184791,1.0,2333.7650158344845,641.2046832532394,0.0,-1.0
CLASSIC,1,Diana,12.95478580000584,8.524370874109714,15.0,20301.229949966077,234.37206636184447,19.0,13.113998485645789,45664.72253513644,4.0,2485.9086215583184,2367.489034405401,9.876408996753755,5.959052154989052
CLASSIC,0,Diana,4.0,6.112918957237123,14.0,13917.412572263325,140.59707827925317,31.0,11.0,16804.38930218309,0.0,-983.6721875683108,-453.101537392435,0.0,1.0
CLASSIC,0,Orianna,5.665596467531332,3.0,2.0,11541.60893743824,128.35499531031056,0.0,5.109343615148578,14800.848619984108,0.0,-779.3545748537078,43.90080037255865,34.6603941561042,-1.0
CLASSIC,0,Diana,5.0,2.0,6.9923266532167485,10338.122471274863,60.55931323750668,7.298455106776275,8.0,8211.337916104598,3.0,4153.476202716612,4561.032672712444,-10.06647032532031,2.0
CLASSIC,1,Diana,20.0,0.0,9.0,14165.19755750626,243.0834878315548,21.48355896768105,12.0,27929.145270833847,3.0,-899.1358783836844,-1238.9550568177344,0.0,-1.0
CLASSIC,1,Diana,7.747265812167856,3.0,1.1638085823418993,13712.751512178738,197.47918987729477,31.0,12.0,21866.970026438274,3.0,-1051.3055805314414,322.66405964298394,19.230146225065297,1.0
CLASSIC,1,Orianna,8.0,3.843961250429688,0.0,13078.208538178957,220.11327632990586,29.249944341282124,11.0,21349.476865111217,0.0,1302.7244213299152,342.01120500022944,-2.0,4.0
CLASSIC,0,Diana,0.41290328321120584,3.081486363431371,5.0,11519.445436041786,258.51821926251216,21.343269061295047,12.0,14936.471711715678,0.6012514965696094,4426.038457405203,2642.498718792336,0.0,2.0
ARAM,1,Kindred,9.0,9.551993433361726,16.364797483979327,13804.770372449906,46.815450655628844,13.994498163726949,8.0,27236.870692361415,2.0,622.9563001239309,2404.960647699348,20.512014182028143,-1.0
ARAM,0,Kindred,7.0,5.0,8.0,13276.266353250485,45.07307235346171,0.0,0.0,21763.041028988646,4.0,3602.1082313182415,3485.1494158562864,1.5586516327974576,0.034669529627635184
CLASSIC,0,Diana,1.4022345046967404,6.667920590263499,10.0,17967.064709035363,294.4572550158695,20.0,12.0,32046.691030928236,2.0,885.2038433401991,461.2128300792393,-2.0,-1.0
CLASSIC,1,Diana,10.979347073202042,2.0,7.0,12139.40691381717,182.81989953955667,31.0,11.0,21019.11249922982,0.1371647871328991,2393.7688500992717,751.675253995074,-14.293876771927389,1.0
CLASSIC,0,Orianna,7.0,5.0,1.548921663522916,12706.121812823452,204.28970310592837,10.0,9.0,20085.2803311719,0.0,0.0,-468.44116769300115,6.12884738274651,-1.0
CLASSIC,1,Diana,27.0,5.0,14.0,21881.619632005022,225.7635529548499,20.0,11.0,55567.824221832954,5.0,-2395.5310991453225,-1242.7928300126066,23.935916307058267,-1.0
CLASSIC,1,Diana,8.0,14.123752901318344,15.0,19626.613934710746,199.4473756539002,10.0,3.270734449474842,51030.81212429389,0.0,-2453.713851637416,-1395.6529102433237,9.334005085132388,5.0
CLASSIC,0,Orianna,1.46866359511814,3.0,7.0,4675.85909274167,1.5923120216881483,7.0,0.0,5945.611041219394,0.0,4392.827822438114,2561.961522416733,-21.878437063646828,-2.0
CLASSIC,1,Diana,13.58144286868944,9.0,10.0,20126.735298323052,135.8639401096388,17.893576587639437,9.0,51362.0987234055,3.0,2601.439951588704,566.2248810418683,-2.0,-1.0
CLASSIC,1,Diana,14.0,9.0,9.649185643743323,20975.530314033465,288.54936743242484,23.0,9.122575525894712,65740.2638485546,2.0,424.69570428778616,-1078.2255060057755,23.090801066346245,-1.0
CLASSIC,1,Diana,6.0,5.0,7.0,12105.036053258174,240.0,18.0,1.6233134521114463,15017.634102558986,4.0,-811.0782651984432,526.4017925965992,-21.707373462587828,3.0
CLASSIC,1,Diana,10.0,3.0,8.067665429577582,13280.483504907974,22.51509568695303,19.874597051070992,2.8676117983852887,23765.455419022834,0.0,2336.750236342442,988.6436721457738,-18.0,-1.0
CLASSIC,1,Diana,7.0,5.0,7.0,14679.550892927216,120.82167014536071,17.15348359157926,7.165754769459289,27376.017371075774,4.0,-2446.8743831563575,-1720.8149994174216,2.0,-1.0
CLASSIC,1,Diana,13.909061841578755,1.0,2.225005214815281,14466.370394455886,203.82686127231636,23.207093060235394,7.011389927094413,21000.963105951832,3.5774422309086105,-2617.9734251631717,-2366.9922483187347,-26.043358626200185,4.0
CLASSIC,1,Diana,3.947061119671991,2.0,6.0,6718.699364249518,47.064604044702875,15.609954467067178,9.0,13421.363425162264,3.0,2265.1638056511174,916.720751029369,10.099765377725975,-2.4051821036708683
CLASSIC,0,Diana,5.0,10.028226182129606,7.0,12387.390497629427,47.15462993569801,19.300003064076385,7.105550243151157,19947.021160225184,0.0,-494.5580608596261,2496.3568036328893,2.0,-1.0
CLASSIC,1,Diana,11.866017936500029,1.3952638120016707,3.0,14528.252218921229,282.0221803588502,18.0,12.0,31106.968100552323,5.0,-129.71159644123577,-1035.0376606534871,-2.0,-1.0
CLASSIC,0,Diana,11.542415390178256,13.613678068915906,2.9483248019314656,19114.53504380193,216.30227025159002,17.216818143303353,5.478524871882454,48343.06005110181,0.0,1253.9338387815797,726.1872196713892,-2.0,5.0
CLASSIC,1,Diana,17.36120747177406,5.334494353834589,30.988180796199313,24361.651188360316,217.125087235794,31.0,9.0,50117.93841438984,5.030832565615747,-2450.058567518105,-2297.9346996090444,-18.0,4.0
CLASSIC,1,Diana,8.806640649259489,2.0,6.0,15530.911094245006,297.91203341644734,30.764683564579315,15.777690452743702,31817.92099382346,5.0,-942.8078932993667,-1183.1069087109888,10.0,1.0
CLASSIC,1,Diana,12.664443222116297,0.0,5.331420194114003,12865.838913749372,63.62953023676375,7.711010229702993,9.0,20972.38849937716,5.0,0.0,-527.1371182218766,-10.969588383980009,-1.0
CLASSIC,0,Orianna,7.0,4.762016994388432,3.0,11787.9096911444,127.47378598247192,17.0,11.0,18440.92097020614,0.0,-1158.774636036307,-12.82594533950048,19.84668215332742,-1.0
CLASSIC,0,Diana,7.0,0.0,0.5725674090616679,11926.29757566917,209.07255592072667,20.0,11.546342473786787,17698.222613549984,2.0,-1964.612439291802,-1720.4277860394996,37.9959858309324,-1.0
CLASSIC,0,Diana,10.49524194774013,3.0,5.0,16570.4172988792,75.88806502240756,20.0,7.0,30456.78023219468,0.0,794.6959800919976,0.0,-2.0,5.200050399856897
CLASSIC,1,Diana,20.0,6.0,9.0,20063.5324720382,239.10341317824478,20.584226490050764,12.0,53226.72296803335,5.0,-1431.1401556566466,-1093.4171911193912,0.0,3.0
CLASSIC,1,Diana,14.0,6.1678607313545575,8.0,20106.85388712331,291.0010935762395,22.0,12.0,52754.1117862579,3.0,2708.159753739699,3784.7849057793064,1.0,2.0
CLASSIC,1,Diana,20.0,8.0,10.0,19275.959752915627,62.03123532572056,25.557425961575692,6.1030088142720675,48223.887101723776,0.0,-292.303197288888,2360.2288675221894,-0.15360569542806246,4.331907707023287
CLASSIC,1,Shen,9.12568189978907,2.0,9.0,16083.970834623855,174.0144814555966,23.0,9.0,23789.48545355399,5.0,-2208.736525117329,-1261.7507469269835,-13.037722129532808,1.2491664789908954
CLASSIC,1,Orianna,6.0,3.0,6.0,14682.57896863752,202.17794900938296,0.0,8.0,31424.47797739408,5.0,-1419.1025062123842,-1919.1507545903921,8.710685389384606,-2.0
CLASSIC,1,Diana,7.0,3.0026730286814938,5.0,11526.684546250528,195.34556113763713,7.0,2.369312240039896,18531.775716874454,4.0,-779.87372668971,-578.8431407761407,0.0,3.0
CLASSIC,1,Diana,10.0,5.99547145658048,7.110357535754088,19838.845914514965,222.26417453269866,40.73447679706407,15.02026300174988,27505.70986149408,5.0,77.2060619053277,580.3915059960722,-30.0,1.0
CLASSIC,1,Diana,27.0,14.01878648825823,29.826062510835392,25485.928702401055,223.38702216531803,21.07897862565304,11.0,65326.004768481034,3.0,-2588.624812833368,-2366.6488471902976,0.0,5.679290915680892
CLASSIC,1,Diana,5.0,5.0,10.0,11634.119192197402,0.526330656111516,0.0,0.0,14628.874200034703,0.0,-2430.7763843962166,-866.2182678372942,-2.0,4.0
CLASSIC,1,Diana,8.0,5.0,3.2195991180841936,13894.149913780204,286.0307678777775,30.51929629733895,15.78008472610131,27063.358716822313,2.0624747072635463,-1196.5900599205654,-1654.7340202772798,2.0,-0.5552248712389978
CLASSIC,1,Diana,12.0,0.059247681308236676,0.0,11591.007583973433,249.83845632749288,34.40318584433656,15.787563345079173,16443.36413916304,4.0,-2086.3942999763017,-1765.6429006496242,-2.0,3.0
CLASSIC,0,Diana,23.422182846834367,9.196047853065506,2.0,19390.534659162266,194.87898491850441,18.0,9.0,55614.48777055862,0.0,2349.763713213481,2304.854398101707,-5.109021006986756,3.0
CLASSIC,1,Diana,14.0,8.0,30.297569095739316,23006.353236823623,284.6282312416482,37.18300598089417,12.478279063861283,53247.289511322706,3.0,-1307.5523354011768,-1507.7029824466936,0.1383653204479096,-1.0
CLASSIC,0,Shen,5.0,2.2691160965920663,3.0,11515.599623937176,4.1451226108757115,15.144001532254668,0.0,15349.676391354667,0.0,-1360.3143111475044,-2360.2994568580316,-0.21211993052311184,1.0
CLASSIC,1,Diana,14.0,9.0,11.930812109253157,17408.542622648292,247.390132311569,19.456910857989808,12.0,52256.58264207795,4.0,1864.1108881127866,224.17599724629184,-2.0,2.7292532729378087
ARAM,1,Kindred,12.848405733740458,9.893408980044999,28.816979775144638,15941.097451554264,1.5616252864809637,1.7593243549176378,6.0,33789.48785230601,0.0,2578.8857314235993,4186.4426782424525,2.0,2.0
CLASSIC,1,Diana,12.0,10.0,9.0,13521.05374668824,196.95783349731767,0.0,0.0,23932.694935032363,3.0,-184.28907194483799,359.91830003266335,-2.0,5.284429612719807
CLASSIC,0,Diana,9.806997095752722,7.0,12.0,17165.889345332,198.0,19.0,7.0,32376.399197104063,1.0,-2197.81790076258,-2284.3579741278827,0.0,1.0
CLASSIC,0,Diana,7.0,0.0,0.32303391216283805,12740.690777172258,257.81155420441075,31.304696131012964,13.933842794970268,18155.05847858395,0.20800058926616738,-2490.6950809150903,-1720.3072721152635,0.0,3.4188952787136664
CLASSIC,0,Diana,14.0,5.0,0.8111980207052606,14559.921996263423,16.855740083728637,0.0,0.0,26228.326806549354,1.0,-1044.7378661646374,0.0,-11.961160913101578,1.0
CLASSIC,1,Diana,8.0,3.0,6.0,18193.968194129277,294.3263033758655,34.34950542148496,15.92742478144788,27234.476705205376,3.0,-1475.924030895951,-812.9187408842174,-18.0,-2.0
CLASSIC,0,Diana,10.923991724943937,2.0,3.0,15638.931343245402,283.0338820927496,31.0,11.0,20060.34290433043,5.0,710.8725057157285,-1160.7292430468679,-11.407455006848345,5.0
CLASSIC,0,Diana,14.0,8.0,1.0,20846.362172211382,79.78867154428376,18.0,3.631707242469572,51947.893536529606,4.0,639.1101315449014,-0.8798083640664487,-16.028635689869766,1.0
CLASSIC,1,Diana,7.0,2.0,3.68259744052395,8799.083676420574,221.18882986201152,0.0,0.0,7607.192948153319,2.0,802.611220759982,466.34644552213854,0.0,-1.0
CLASSIC,1,Diana,0.0,3.0,0.0,2443.208431618822,73.34072485447416,9.0,8.963526013878777,3628.9008762799267,2.0,1676.14837760624,1168.4830742119982,8.406064908329734,3.0078015807212264
CLASSIC,1,Diana,6.034553458471634,6.0,14.513999329613002,14510.847597063883,207.34856091820686,7.877751640155665,11.0,18757.966278790336,5.0,2665.6807084380976,2081.0615262503,-2.0,-1.2856256951985223
CLASSIC,1,Diana,12.0,0.0,7.0,14489.172363020833,219.02919607971597,31.458553813279497,15.148050932810232,25166.866034879182,6.0,-1191.0480652501244,-1166.0830336185302,-12.597615058496256,2.0
CLASSIC,1,Diana,7.0,1.0,6.0,9361.037447629742,195.5955985765436,7.0,0.0,17219.525073375913,4.0,1284.963338036011,-397.91626084129985,-24.4929669156232,-1.5340252729810573
CLASSIC,0,Diana,7.0,5.993349074602642,12.819785520123508,12705.793444682311,101.39187609710412,19.0,8.0,15367.186142449256,2.0,-1182.1103502319263,-1527.4707108751436,-2.0,1.0
CLASSIC,1,Diana,14.082271388435977,8.0,31.308840702913898,20115.627544308863,233.54623087610457,13.229249620768435,8.0,45913.17674801879,3.11838974990239,-2724.8144304942366,-2371.8916955324844,-12.295744016569646,1.0
CLASSIC,1,Diana,3.191282430974562,0.8592810877994176,3.4105054670779067,6966.572927191141,198.0,6.03128190447246,7.681374500171556,8247.754426333146,5.0851913377248605,2580.802953241331,3870.065707098768,-8.361599391893861,-2.0774772866600215
ARAM,0,Kindred,17.40176939800088,5.0,22.166791293234525,17291.014020115428,80.15057366370753,18.0,1.4318662999094822,36291.84442528472,2.0,1301.3567323116374,587.0420644550626,2.0,-2.0
CLASSIC,0,Diana,3.0,5.0,1.5431388733836122,9486.262320326377,197.0373987300831,7.785320718272607,7.0,16143.977819992391,1.0,2550.161840703733,2257.4827911078983,4.880168644878216,1.0
CLASSIC,0,Diana,6.0,2.0,6.0,11554.155363208354,104.94613854064694,31.0,9.125946482337628,8214.325793418386,2.0,5470.712512485101,4605.737103269626,-30.0,5.0
CLASSIC,0,Diana,8.0,2.0,2.3875276140365007,10897.39648370892,119.82197805043346,20.0,12.0,15757.375278674883,3.0,2275.0,1139.601148106323,17.7183802811615,-1.0
CLASSIC,1,Diana,2.236091398144109,2.0,1.0,2566.643368496053,117.7994432444722,23.0,11.0,5950.94966946741,5.0,-1104.5327278505197,324.3709485022175,-2.0,2.1970887837863105
CLASSIC,1,Diana,14.0,8.0,11.731042444844805,18740.21664183232,258.65412441789033,20.0,12.0,33732.2902819016,3.0,-2098.4382198215317,-1932.1099446184278,-10.668954208766749,1.0
CLASSIC,0,JarvanIV,0.0,5.638506397069191,6.0,1723.2455413897242,2.935687544015991,0.0,2.175405764109712,5787.119506186561,0.0,2341.938018747999,4831.136307807798,10.519963656960096,1.0
CLASSIC,1,Diana,8.0,9.0,14.83430216014445,13847.06866615875,44.63651872517618,18.0,7.0,21123.377478229428,4.0,2396.1487365832036,1889.19725716571,-12.994728904045267,5.119219661446313
CLASSIC,1,Diana,9.0,4.342618152691679,11.23234176597094,19935.55388312774,241.47865781197024,31.0,13.001345273469493,46285.51369172832,0.0,-2626.860060914335,-2352.699847168523,0.0,5.839115079827611
CLASSIC,0,Diana,0.0,1.1613363622055837,6.0,626.2357943315434,15.943641604365366,9.708281117709605,6.0,2.874046530654811,0.0,2275.0,3755.0096348921124,12.835584759341847,-1.0
CLASSIC,1,Diana,6.0,0.0,2.0257387237141393,2874.7958787855137,45.77359138822615,13.831201059940739,8.0,6221.105241557611,5.0,2574.9738489639603,680.7072835146475,0.0,-1.0
CLASSIC,1,Riven,14.0,8.0,24.20111773314577,23151.60576466291,240.0,11.718615294351709,9.349336350141682,55683.46732400614,5.496643508655339,288.0355235124094,-398.19605470380174,-16.296101901587633,-1.0
CLASSIC,1,Diana,14.0,2.0,1.0033122494898434,14611.253154503303,202.83193933028178,22.172947117345686,10.88264983998166,26532.097424784573,3.5697970048710035,754.268368661005,273.82380531264135,5.604707988632298,2.0
CLASSIC,0,Diana,6.0,9.20874198432713,2.0,11559.084818349318,210.10412581256767,21.0,12.0,20243.959565645022,1.0,-148.0920671695162,30.02545958435196,0.8290102582095906,-1.0
CLASSIC,0,Diana,10.0,6.0,8.0,21576.513821785928,203.58671546809913,32.74860643111581,11.0,45114.20361421073,5.0,-2691.7536797437565,-2370.9207586389416,-18.0,4.0
CLASSIC,0,Orianna,9.0,2.0,3.0,13278.74268030564,240.60666554934144,10.0,8.0,27419.735206172023,0.0,1208.801775414984,1147.3242393055043,0.0,2.791568193109163
CLASSIC,0,JarvanIV,1.6085333417788927,2.0,6.0,7639.560819647175,44.11390517211757,10.0,8.0,2685.0850813335155,1.2638049441495596,3953.8727349546994,2636.265523699398,20.99094151545511,3.0
CLASSIC,1,Riven,8.0,8.99868659713533,27.55793713600496,18938.977063452923,176.8536075125702,19.0,7.0,31968.81935478916,5.0,219.47969233366106,-1075.468302755605,-2.0,-1.0
CLASSIC,0,Diana,6.0,2.0,3.0,12856.601336222571,218.48597651961205,22.79335061624748,12.0,7124.807709696572,4.0,-299.78325696603025,-1475.556985211975,-21.928431053174048,2.0
CLASSIC,1,Diana,6.88075096403894,2.0,6.0,12858.724337563815,98.75270379584134,37.86520788108834,11.0,14944.195922985242,3.0,-1099.102965534123,-433.1690121381366,-10.940628884425319,5.0
ARAM,1,Kindred,9.328282665090335,8.0,11.972747245646197,13192.229257083167,56.17571337373779,0.0,0.0,22103.17655893093,4.0,1048.5306641788611,667.829186573134,-2.0,2.0
CLASSIC,1,Diana,0.48652509304934105,2.0,1.0,639.5789237822648,3.587363455413642,20.0,3.2723404741267133,4240.619070863855,1.0,788.5194175925014,456.4483909005387,-18.0,2.0
CLASSIC,1,Diana,9.0,9.0,7.0,15054.551120271879,221.0,31.0,14.150453870725348,30577.957656347404,0.0,2175.2140714080333,336.07173687410665,12.39847939764698,2.0
CLASSIC,1,Diana,10.514262115966822,3.0,14.694310985506803,16521.32934592709,251.91210272686163,22.937685336258177,15.0,27010.462145932514,4.0,-2683.5617539605446,-2325.534052667359,-2.0,2.0
CLASSIC,1,Diana,20.0,8.0,11.155112309801224,21535.424262928645,239.89743326080773,20.565797915892485,15.153406089496425,57559.579124149815,5.0,871.7264626956164,-637.7561343030192,-18.0,1.0
CLASSIC,1,Diana,11.094814777650981,3.0,11.885459808306734,14103.767388160075,250.88766658661106,18.0,11.0,26238.554762979536,5.0,3597.900710984215,3525.845619450118,-17.622229450441694,-1.0
CLASSIC,1,Diana,7.0,2.0,0.6521895533394992,14143.75601791374,288.9252069277415,22.396215149739078,15.586618867906719,20438.153679935487,3.0,-1488.4769092210747,-2358.597809538252,-2.0,3.0242743243802765
CLASSIC,1,Diana,8.635636978477718,8.087416732461962,23.48817416065357,17434.12429846695,166.74289667935162,9.0,8.0,32396.36124514542,4.0,-1536.8794880611715,-1708.8814722345242,1.826889118001879,-2.0
CLASSIC,1,Diana,10.0,6.0,11.596633962066294,14547.179910590248,203.9253732080934,20.0,9.0,27424.705867662455,1.4468300549817061,-1042.3940650619197,577.4214776306461,0.0,5.0
CLASSIC,0,Diana,7.0,9.0,9.0,15785.73103963888,257.8724533244551,9.096623140436394,8.0,21096.10582994932,0.0,1287.8049230601637,-108.09972303326941,-18.0,2.0252724564170106
CLASSIC,0,Diana,6.630509310673375,3.0,5.0,8759.442185148313,175.4685670289589,0.6485953429894079,4.622215274300975,9659.634782594105,4.0,-434.6655841221453,653.112315821469,-13.762208176005704,-2.0
CLASSIC,1,Diana,10.0,7.0,4.290446966408911,13299.1884822106,170.95514505011394,19.0,11.0,20417.867168226116,3.0,2495.2284658980243,4109.3794999757265,21.055133168896763,5.0
CLASSIC,1,Diana,9.0,9.665154779603343,7.177976569959028,19775.62861791158,195.45050647419484,9.0,0.0,45725.87669422318,4.0,1084.0958312847144,-520.5012239856626,0.0,4.0
CLASSIC,0,Diana,14.0,3.0,6.877243326007855,12847.154202136722,47.46487953450581,18.88955417859895,9.546948749493888,18856.885855499288,2.0,1257.4269663538987,810.9254693875192,-2.0,4.805159850140278
CLASSIC,1,Diana,0.0,3.0,0.0,626.5489349743004,175.50564601446118,12.79386910057545,4.360445425755779,40.82543417117607,0.0,2368.5501729958146,4680.39525118214,10.721832713720124,-1.0
CLASSIC,1,Diana,10.0,0.0,3.652789207318042,11955.310793066817,234.3509104625371,18.0,9.0,20032.127444545527,3.0,-2072.0854416856473,-1923.4872267964658,0.0,-2.0
CLASSIC,0,Diana,0.0,5.0,0.1760373860894414,634.2586110299429,61.8298916226081,2.0227276900597904,1.397744836907697,7449.53315486622,0.0,2412.711588576041,2022.0193465986338,37.12433577318671,-1.0
CLASSIC,1,Diana,10.0,3.0,3.3786709476752277,11953.438412904497,39.79860211477514,0.0,0.0,15968.521011466495,5.0,-1254.75818250203,1141.9793083058714,26.42597034764224,1.0
CLASSIC,0,JarvanIV,0.0,5.847458222925917,26.095703042051774,7643.307740175129,208.7146220508647,18.984662142575985,12.0,7691.710379862652,0.0,1206.8488261135074,1829.833549315895,16.135468313023246,1.1044559337554174
CLASSIC,1,Diana,10.0,12.084611452192355,13.817247259543212,19047.47967007874,248.62331187190048,23.0,11.006660551140195,52803.79025792859,0.8331710467869875,3224.228054254084,661.3124954473137,-2.0,-2.4858024685591436
CLASSIC,0,Orianna,3.8355068411150794,4.438724157598049,7.0,9457.849108048365,218.15246092535037,4.038662788792608,5.481603122881172,14545.753047806415,3.0,0.0,779.1680662119729,2.0,1.0
CLASSIC,1,Diana,18.139650244552122,2.0,8.0,16187.691066955054,226.3459942420342,11.677788976076071,9.0,24306.046943603178,5.0,4469.705018445454,4890.7589558688305,0.0,-2.0
CLASSIC,1,Diana,7.0,5.0,9.0,14484.605082799364,45.04609132894373,18.0,7.274741857320336,24718.51964851323,3.3094338995104984,-1277.6276413028738,-390.1760172895273,34.7097905865037,1.0
CLASSIC,1,Orianna,4.0,2.0,7.0,9793.564032751889,256.33028346405075,22.0,14.842590549519961,7186.172001921146,4.0,-993.8976925110329,-1233.9736295139826,-2.0,1.9105973418094298
CLASSIC,0,Diana,6.0,6.546200120236565,7.866053577563361,14241.77596867329,203.40672319416316,29.66577042389708,15.0,26622.91205472997,4.0,-265.9198487720261,654.9910316301069,0.0,1.0
CLASSIC,0,Diana,14.0,5.0,7.0,14627.39187480123,197.79007716324594,20.94883794120418,9.0,32406.188322081132,0.7872583195298016,544.357099961398,937.2004457812186,0.0,1.8815721096762315
CLASSIC,1,Orianna,5.0,2.0,5.0,6845.634205160226,135.42030797584022,26.87727938083516,10.0,1595.166452733823,0.0,1214.091117410644,-14.356840077630984,-2.0,1.0868147012137783
CLASSIC,1,Diana,9.0,2.0,8.0,11982.999104374085,15.855447201209268,0.0,0.0,20075.965851691282,3.0,-2252.5908704362523,-1656.0788740861578,-2.0,-1.0
CLASSIC,0,Diana,8.13446572847854,5.0,6.0,19054.966821013266,296.5338578256056,37.126900551262096,14.953502956631562,32410.081249111103,5.0,-2241.638562268741,-1716.1022496324172,-10.0,5.0
CLASSIC,1,Diana,7.0,5.781571640235992,9.540774144491227,12708.126949883432,258.22379108719235,37.25410877760615,12.28232428152522,18917.1378822435,1.0,2479.2121706955986,2595.0068652613504,0.0,1.0
CLASSIC,0,Diana,3.5342131522504365,3.0,0.0,2421.220286027621,126.48141325139339,0.0,0.0,6173.1586377196345,0.0,2716.341606946834,3945.569080676029,13.561390721098682,3.0
CLASSIC,0,JarvanIV,7.0,2.0,16.087012526367698,11702.590444564046,46.70888261335317,18.17346369689731,7.0,15362.352881436522,3.8342298280432696,2182.645702293944,2316.6369058128494,16.496557715518218,2.0
ARAM,1,Kindred,13.244059500618215,9.0,28.112296482134983,12871.634389933357,110.54414480090101,0.0,0.0,26726.92353373535,0.0,857.7035487771574,3788.638612940093,0.0,1.0
CLASSIC,1,Diana,6.217867542652227,6.421163447641173,1.0,8709.880165199436,38.03772547902865,0.6422853590451952,0.10097781973360206,8512.446005872827,2.6491175594972534,5846.256953064333,2645.4549053448586,9.721080007619209,1.0
CLASSIC,0,Orianna,3.0,5.0,0.0,8381.925112211493,202.86640151591294,21.0,9.0,6735.925273643312,0.0,-335.1804945713496,361.586639883644,0.0,5.642995019465378
CLASSIC,1,Diana,8.783381923782258,5.0,10.905271949169123,12854.018296112741,32.354577413982526,5.8374865310791195,7.590973634274295,18325.222125018783,2.0,-2114.337837144158,-1042.2906308628314,0.06282311031399358,-1.0
CLASSIC,1,Shen,18.62714871289952,0.0,16.226607669607333,16399.592826552842,207.5993114067829,23.0,11.0,21580.29218198065,3.0,-1977.2593259230873,-1496.3783524937094,-12.891176430710367,1.0
CLASSIC,0,Orianna,3.0,0.0,3.9852694941140516,7804.473236676839,16.69104845609268,19.0,2.966910282365972,6217.626738865969,5.0,0.0,-1225.2542870375123,-17.943191551361387,-2.0
CLASSIC,1,Orianna,10.0,1.0823600219670035,3.385542262411218,13699.201985721033,221.0,22.50199631173226,14.491944375459614,20226.08864762093,4.0,0.0,0.0,-2.0,1.0
ARAM,1,Kindred,7.0,5.0,14.493806682108564,11562.561548526795,10.414431158659365,0.0,2.1481703820721796,15163.216715122076,3.0,2512.010382280938,1879.1701611075277,1.458472367800045,1.0
ARAM,1,Mel,14.486168527655062,10.0,23.929334366120592,20111.243275715933,147.03689179073143,20.0,8.0,54972.37447292836,4.0,-1049.8753209649528,-1930.1078899338481,-10.0,-1.0
CLASSIC,0,Diana,5.0,5.0,5.810480433301247,12872.476995518175,221.0,23.22292682504908,12.572960381320698,20442.12990304753,1.0,-858.2882422554275,1959.964422282521,32.99168819771648,1.0
CLASSIC,1,Diana,6.6400177187559315,3.0,2.0,11650.194783539035,105.12117975315608,7.0,6.858275507129897,16044.181887166891,4.0,752.5204305896353,448.3097466217111,-30.0,-1.0
CLASSIC,1,Diana,7.0,2.0,0.0,8921.843139423618,80.32290739124953,16.110746496969618,8.494261813303073,15010.698068907464,3.6176855957305127,-2042.3169006953146,-1720.8022717656042,0.0,4.676806374487691
CLASSIC,0,Diana,7.0,0.0,7.0,12658.073304635996,209.47737366869404,23.0,11.0,20052.146808557365,0.0,-1408.4991109037085,-1115.2157984860726,0.0,-1.0
CLASSIC,1,Diana,3.850533730077417,0.9373099275868952,10.0,1314.858392520013,9.302223239319856,17.431003091529014,8.0,6205.570247832595,5.0,2678.1594676929876,4013.140625105274,0.0,-2.695130951381841
CLASSIC,0,Orianna,7.0,6.0,0.5993216170145987,16059.599805363529,291.0572787801975,0.0,6.0,27139.98742375573,3.0,-970.7656370629878,-413.75060822732706,-2.0,4.0
ARAM,0,Mel,11.368943180857121,14.521344350529674,9.0,20314.06226219226,5.785454258147593,0.4706318397387887,0.0,52355.1241291982,4.0,1265.23548059406,380.36738818233175,-2.0,1.8879554356762736
CLASSIC,1,Diana,7.0,3.0,9.0,12361.171740653937,232.58942736412084,2.5656725928821986,5.657475521308522,22490.58297382219,5.0,-578.3634899851952,704.0835827964463,0.0,-1.0
ARAM,1,Kindred,10.0,5.0,9.0,12290.496901612076,61.74131361102701,7.7164208392883715,0.0,20937.11540529328,3.0,2480.4452782182693,4066.873642898434,-15.71466737939679,1.0
CLASSIC,0,Orianna,7.0,0.0,5.792085151850811,9127.74620901162,197.01947192888224,7.658018755520407,0.0,7045.901136625411,1.0,-2263.7783478442725,-1221.0559116003724,-10.92870988550017,-2.24036362858701
CLASSIC,1,Diana,10.0,8.0,11.093855211367497,14321.37043039651,221.0,23.0,10.626290428368437,26252.98705503687,2.7305410871568205,-1048.2986526141697,0.0,2.0,4.0
CLASSIC,0,Shen,5.7614045063975805,6.94934991063372,8.0,12843.468632881117,221.0,10.0,0.0,20186.231627332163,0.0,2275.0,-1151.7893914358485,-27.598736707958373,1.0
CLASSIC,0,Orianna,0.0,1.0,9.0,626.2685494494962,1.4496170738372975,0.0,0.0,13.229816304016854,0.0,4548.066123179152,4808.7570312183925,12.600118138155786,-2.0
CLASSIC,1,Diana,7.0,9.184045069862286,8.0,12720.510876742379,43.418845696262736,0.0,5.77526671049178,25351.464814745286,3.0,1221.177241437097,0.0,10.0,-1.0
CLASSIC,0,Diana,10.0,3.0,14.270467400070691,12871.79067699023,46.78705753346696,7.0,2.6024938371894892,20071.35088787357,4.0,274.3309590600507,1173.4357677893413,-21.31855836694303,-1.0
CLASSIC,0,Diana,4.0,2.0,2.0,7685.900007516785,46.9630929835264,0.8130066189283048,0.0,14630.996548658513,0.10364408970742396,-777.1446308227444,2006.0778891340378,1.0,-1.0
CLASSIC,0,Diana,2.5437003640916203,5.0,5.0,11834.88796234653,288.9953064213411,23.817264836324117,12.588973953188095,18759.029106278693,0.0,-2106.036227752297,-1068.5912399369997,-2.0,3.614347821338492
CLASSIC,0,Diana,5.905643550320383,1.9150212717226962,0.0,6016.294619275767,196.09642789299383,18.0,8.0,10757.375355903387,0.0,754.1323019463861,-427.90877710772867,-12.294255843369196,1.0
CLASSIC,1,Shen,14.556743157714935,2.4850775828754603,7.0,17990.0762034232,212.0,21.241613196099017,9.0,27228.445118412663,5.0,-1040.0943988082302,-1614.5945949899674,-30.0,3.0
CLASSIC,0,Riven,27.0,5.0,6.0,21508.337019532744,273.4325187104648,20.0,12.0,50007.737507422775,6.0,-1265.819347548536,-1616.56565070996,-27.788758560434633,-1.0
CLASSIC,1,Diana,11.270761446318835,1.5131941174241794,0.5043588630499813,14318.949751386017,212.0,21.0,11.0,24315.72499460481,5.0,-1071.732871037295,-1216.4296546529185,17.549525595150467,-1.0
CLASSIC,1,Diana,4.890110580489963,6.0,5.0,13252.556246724693,212.0,34.66812144811001,12.0,15042.508763719563,4.0,-1957.869749189742,-1241.2253960762089,-30.0,3.0
CLASSIC,1,Shen,14.0,1.0,1.3849894771278375,14653.195637002778,202.94911997674544,31.0,15.0,21965.359309535324,5.0,-1640.648997655902,-1962.7240564828162,-12.453872346851547,-1.0
CLASSIC,1,JarvanIV,0.0,10.0,8.0,641.0396922435666,124.18109110557968,0.0,9.0,655.3903753127636,3.0,4546.709055822635,4967.904162579495,2.8371370025659246,-0.7070961078276656
CLASSIC,1,Diana,9.0,3.0,10.533920490278279,16446.69968027246,210.65158144345006,36.947276370270636,13.945882723559137,26061.520371906707,5.0,592.7532532264025,167.15369668597242,2.0,1.0
CLASSIC,0,Shen,6.0,3.0,7.0,8596.534800871897,109.91503746899912,19.0,0.0,7305.845165771096,0.0,-2501.956516014255,-2089.58844033685,-19.767484750879603,1.0
CLASSIC,1,Diana,12.0,3.0,16.533389884193188,13080.745379253933,185.0267108925445,0.0,5.945688351281942,27241.025668149134,4.465952722519883,-2426.724843575097,-1357.6901545423677,13.106160641395153,5.015036539048463
CLASSIC,1,Orianna,10.0,1.0,8.0,13542.975157665729,212.0,23.0,14.013142442412962,15368.568148203858,5.0,-1478.6288865683819,-640.2402776508023,-2.0,-1.0
CLASSIC,1,Diana,11.857067759860401,5.0,8.0,14074.482540774188,145.6922097641464,9.65188189458211,7.0,21902.635937714684,5.0,1246.3709750085368,496.83245325017066,-30.0,1.0
CLASSIC,1,Diana,18.224297275612926,6.0,2.0,20249.18821467279,218.5041523539408,19.0,9.0,36055.59813161364,5.0,-2696.771793203094,-2263.947129726172,-2.0,4.0
CLASSIC,1,Shen,10.556504130129003,5.0,5.0,17204.08114489539,96.32609670724334,19.0,7.0,32275.46833928909,5.0,-2391.5717057566876,-1720.196766487692,-24.685568936011713,-1.0
CLASSIC,1,Orianna,5.0,2.0,2.884536490271644,11767.258311049709,182.49752674009525,21.708336195385943,15.0,15373.124906843455,6.0,-550.8190911867138,-1115.8011768342183,2.0,-2.3987014131989604
CLASSIC,0,Diana,6.0,1.6650493174706882,2.0,8602.714940943635,36.28364131759182,17.0,1.1761547995047235,518.6226092610509,3.0,2301.2028373311546,592.8507177271686,-18.0,1.0
CLASSIC,0,Diana,7.0,0.0,2.0,9193.944811851017,227.38668038382204,19.0,11.0,6666.935082241868,4.0,-290.55326884805856,-92.71114707051498,-30.0,4.4341825554071335
CLASSIC,0,Diana,2.982403685750928,2.0,3.0,10265.836275511363,257.93569961651207,21.0,8.0,6614.278146235295,5.0,-2596.487885406783,-1922.5507214089716,-10.531939921764756,1.0
CLASSIC,1,Diana,26.642783053615407,3.0,9.0,19982.00701870431,251.8681896018441,18.0,11.0,51268.194644067014,5.0,-1051.2498769367703,-1721.3312159240372,-13.021486210249508,-1.0
CLASSIC,1,Diana,10.0,8.021349103414755,26.8782374033017,18704.71842809441,152.4179271851419,31.0,11.0,31827.661722496592,4.0,-1204.3412934354049,-1393.7176909661346,-2.0,1.0
CLASSIC,1,Diana,7.435741343123032,5.0,7.133600815392911,13245.674095138456,197.14181131918608,12.892225698522871,11.048381877387044,25349.240630363354,4.0,729.3818589347204,-1547.930577413352,-2.0,-2.0
CLASSIC,1,Riven,14.855534128648749,5.039930045658855,14.0,19955.058920538107,198.86445851556175,19.0,7.0,51108.26590678852,5.0,870.4765259569537,-1240.7722448663526,-30.0,1.0
CLASSIC,0,Diana,0.0,0.0,0.0,626.0716720922547,4.166800492416466,6.905818070809759,1.7101806189229116,1.9199435443373978,1.0,863.935221421023,-14.995753187529928,-8.42424527371405,-0.023108657785051556
CLASSIC,1,JarvanIV,0.0,1.0307104317094826,15.0,4971.737350368849,43.46982775767469,18.383710901793265,8.0,108.49785987248958,1.0,0.0,-1069.2317868723737,0.0,1.0
CLASSIC,0,JarvanIV,0.9860583026735787,6.0,7.0,10429.120074678547,47.123554542067346,21.0,8.0,14815.26331529117,0.0,3321.9823726420655,2294.5896819630207,-12.839688272269994,4.0
CLASSIC,0,Orianna,2.778773143705669,3.0,3.0,11558.643529383222,38.75473352175549,0.0,0.0,7071.513061107839,1.0,3664.710843129274,1190.169574615806,-18.01266583633023,1.0
CLASSIC,1,Diana,1.9486625037647347,2.0,1.0,6676.293019527531,132.0198521226826,7.193006165801127,9.0,6902.748670302566,3.0,2658.3899331670386,492.9248911585053,37.116783158602296,1.0
CLASSIC,1,Diana,6.0,8.0,0.9747741062956238,16487.683633872337,128.44453301739964,20.986098252349226,3.0043876426466922,28551.49943101818,0.0,-1546.5521327780093,-1721.3261356711203,0.0,5.0
CLASSIC,1,Diana,14.0,9.0,12.0,18930.846660589174,198.0,19.0,9.0,33133.54647767633,5.0,-2415.685412551551,-98.4911609435737,-2.0,4.0
CLASSIC,0,Orianna,2.2175520214107567,5.0,7.03513798950174,645.5118604415376,0.6714765170600873,0.0,0.0,7221.592986204215,0.0,2275.0,2338.369612210485,0.0,-1.0
CLASSIC,0,Diana,6.0,3.0,5.0,14156.079258094444,142.84609919213366,19.0,9.0,21486.649207514285,1.347607776502401,-2111.3432282320086,-1719.4495658882668,-4.632721831006439,-1.0
CLASSIC,1,Diana,18.745709507585993,2.0,6.0,19319.276608155713,79.50828155145105,18.98338909262133,8.0,55454.3929103026,5.0,-2249.7250516376835,-1908.5676130362567,-0.25766886121464183,-2.0
CLASSIC,0,Orianna,7.0,2.0,9.0,12878.58831767686,198.0,17.550951937926175,8.0,15130.924911405575,1.0,-1047.5064366143495,495.25520427597434,-9.330489902324269,2.657986561979679
CLASSIC,0,Orianna,7.0,1.0,0.0,10452.107784055686,2.5645422506759776,0.0,0.0,15033.625119428052,1.0,1216.6191656282028,-191.0569028844614,6.413718517588294,-1.0
CLASSIC,0,Diana,5.0,5.0,2.0,7513.463876283296,198.98100857367174,0.0,7.0,7428.65619595666,1.0,1365.3306574154271,601.4636126898008,10.0,-2.0
CLASSIC,0,Diana,4.3409224848880985,3.0,5.0,636.3940027299344,121.38202263474365,10.918934231330692,3.5703857075593786,70.64938971292307,3.0,731.4427488284637,4034.0202534241084,-25.073981501904573,4.0
CLASSIC,1,Diana,6.0,8.0,9.0,13529.25837187204,203.82160792215677,0.0,3.0425659001322947,19475.133329104166,3.0,-1188.1450626099013,-495.1987191669202,-10.490298124048008,3.0292865193738097
CLASSIC,1,Diana,7.0,3.0,1.0,13353.462063585484,119.537751332413,10.37914356747523,2.9255013452101224,21014.55072176155,3.0,-1045.1839114530537,-1945.5970123543545,-12.702162285071678,-1.7951745401596968
CLASSIC,1,Diana,24.65275016075475,5.508495741547033,30.599107176302095,20601.87254964353,157.8823484216175,21.039306231025986,11.0,55224.40225259158,3.0,-1743.869695639697,-1264.4317638640655,-4.487566029830857,-1.0
CLASSIC,0,Orianna,7.0,1.0,0.12693780472093685,12842.93689078817,296.77564063093234,34.48350348789135,15.90029504958793,14852.263654765957,5.0,2257.8595555429188,510.1711033628282,-13.0,1.3594787402154522
CLASSIC,1,Diana,0.0,3.0,6.630338433569436,9960.582125033758,185.6923397214627,8.453513271619112,8.0,8969.7278132396,2.0,2366.786063215086,354.4803275506727,-12.984979316209404,3.1576230705724004
CLASSIC,1,Diana,14.776543195561176,8.0,9.114590462130629,20215.609786281242,153.8303175759042,21.28280776491723,8.0,50936.79124659542,3.0,1973.091223926914,-43.041454805588,1.0,1.0
CLASSIC,1,Diana,8.310805900167882,3.0,3.0,12871.908804028224,2.7336119780985006,15.599068497924849,4.296007008580763,16051.956517836015,1.7895377798719256,2275.0,680.2495777416838,-2.607752448719298,-1.0
CLASSIC,0,Diana,8.0,9.0,27.369335591727634,12873.31826870997,198.0,8.320367204561352,8.776083480623623,24129.25021407705,1.0,1543.353333318519,1740.4008183426467,2.0,1.0
CLASSIC,1,Diana,23.10967755105698,2.3979785610368314,7.932136685060334,14649.822571656445,200.2331081380279,13.729396632095327,10.94205732873401,28250.2217597397,5.0,-76.80371679703799,-766.8685819330246,37.0256211712018,-1.0
CLASSIC,0,Diana,8.0,9.0,12.0,13830.232827091104,152.24953160381313,7.0,9.0,27852.64139506914,0.0,2319.5022704607004,3558.2225175294634,4.575861879441641,1.0
ARAM,1,Mel,22.82661971675241,9.89255968824952,17.802885600261085,21113.49720144951,198.0,22.0,9.0,63968.434790409265,4.0,-895.3736314233087,-436.8764492166615,0.0,-2.0
CLASSIC,1,Riven,14.0,1.0,6.229109957312518,12705.286501046512,44.31770531315464,7.889572068330907,7.377763541064022,18842.380440794837,5.252892530748747,0.0,-1568.1592737906292,-30.0,1.0
CLASSIC,0,JarvanIV,3.0,5.0,9.0,1547.44621749613,43.664984281906605,0.0,0.7912055152500889,3947.2034466212604,0.0,2613.7136236528695,4778.311747402416,34.933851132416756,-2.0
CLASSIC,1,Diana,10.693047970922144,2.0,6.0,12296.167720915424,202.2749440907659,18.812464820285175,10.0,20409.88497085455,3.0,0.0,3333.635151673994,25.799354969988965,4.0
CLASSIC,1,Diana,13.725795521216927,13.315316548321345,7.0,15685.461340161895,19.63662959767131,0.7929090948211331,0.0,47874.639880041635,0.0,-1071.7984666761295,458.3000837730466,19.376967451420914,1.0
CLASSIC,0,Diana,18.504915429590724,0.8244487445023658,9.0,16422.72522283141,291.2047830077488,22.0,12.0,30671.526510230648,5.0,-2632.9499767735333,-136.06856234076184,33.60650356252159,-1.0
ARAM,0,Kindred,12.172748208479808,3.0,1.7352701320877741,13274.635129710148,176.09174550300662,0.0,0.0,27249.99144944499,4.0,4083.392634987937,4237.882243352375,-16.269495405648776,-1.0
CLASSIC,1,Diana,7.0,3.0,10.0,14418.278122620577,283.7891179030063,36.47009461845948,15.656752621559443,23903.67654020585,4.0,-1141.133055695235,-1591.9578612270866,-10.0,-1.0
CLASSIC,1,Diana,5.0,3.0,6.0,9321.266217504677,33.1840032598741,0.0,4.8734735230561474,15064.998727553484,3.0,-1015.5875832212222,-932.2943097577279,0.0,-1.0
CLASSIC,0,Orianna,8.0,3.0,0.0,12152.90269462109,39.67148719601434,20.0,8.0,18769.504906264956,0.0,331.67323496851276,-296.956847062946,1.0,2.9763446879958257
CLASSIC,1,Diana,13.271807349507654,8.0,31.617706294791642,18644.14102606055,283.37620856675557,31.0,14.980808739448848,41127.76723169182,3.0,-2024.1282815829393,-1721.5228609553353,-30.0,1.0
CLASSIC,1,Orianna,7.251747199334236,1.1750231740366026,2.0,12109.29910401254,212.0,26.21947160734922,12.0,20046.362997933484,3.0,-1211.3063409036727,-598.9454694473518,2.336673880153245,-2.0
ARAM,0,Kindred,7.0,8.0,11.586357680801367,12816.009329351828,5.389605549705068,9.286591584824944,6.0,16767.152071737728,3.0,3899.225339267213,3883.5544136732633,-2.0,3.0
CLASSIC,0,Diana,7.0,8.0,13.869554363832494,11871.47290900657,80.65853513872635,10.0,0.0,20041.238154121056,0.0,2519.00151887444,3053.2172642985793,10.0,-1.0
CLASSIC,1,Diana,5.306869291353454,6.653125497412057,12.0,12700.89506519938,185.67226590990475,16.77143077381436,11.0,15367.103823797079,4.0,-1203.0139130884638,464.0636105385501,0.0,-2.0
CLASSIC,1,Diana,3.291209920454018,0.0,15.0,645.6063266779784,198.28850409098604,0.0,12.0,6176.068037553571,5.0,539.601653683399,2624.9887099626826,35.209843893351874,-2.479865102830515
CLASSIC,0,Diana,8.0,3.0,16.554060365659865,15495.32204923821,110.5692919686469,15.649706846821829,10.0,25214.344802706608,0.5439667776240943,-303.42590952894375,-589.7305904587556,-5.044841334472615,4.0
CLASSIC,0,Orianna,6.0,0.0,2.0,10514.938773350032,285.8669441973199,34.777231253890115,15.288954788624117,20965.95068912345,0.8198244106349989,0.0,-122.05863508450975,37.1944534671317,1.6474552184109341
CLASSIC,1,Orianna,5.0,1.7581534583498533,2.0,11929.045237644126,240.0,17.0,12.0,18433.233089984285,3.0,1694.334771857044,502.67797440228594,13.294828183830099,-0.09774290975593503
CLASSIC,1,Shen,14.0,1.4672961695396312,5.0,15030.786724445494,286.4769013691283,32.46857588956696,14.891309600786109,27249.20165518004,4.0,-2098.89712000112,-1721.8641357460804,-11.06400054812215,2.0
CLASSIC,0,Diana,12.982953610029265,14.962995147487526,14.0,21635.190620486665,293.5359446305956,22.0,12.0,68154.57258566582,0.0,6853.245553254685,5047.236214340672,11.612439940705876,1.0
CLASSIC,1,Orianna,10.0,2.0,7.0,15509.034476804805,279.35087814240006,22.0,11.920429017184054,26224.93810917586,5.0,-299.4418708891115,-102.33235947850248,-14.669742736793745,1.3753179700349165
CLASSIC,0,Diana,6.0,0.4801292091604475,2.0,8123.402424238775,208.21676753188217,23.0,9.0,1676.774800932914,0.0,-2232.4245236628985,-1933.3871581445674,-23.32143547996262,3.114758532898731
CLASSIC,1,Orianna,2.2467787248686744,0.7649726965985657,1.0,9060.200535920838,256.6238609639041,19.0,9.0,14610.48192599643,1.0,730.6568911528196,1002.9591651909681,1.0,2.0
CLASSIC,1,Orianna,7.0,2.0,5.604962517635304,13721.764765163458,235.16323596270473,15.835687663799805,11.0,29944.7832985659,5.0,1690.6008175007044,14.408796105461743,-11.875259354861278,-1.0
CLASSIC,0,Diana,7.0,10.02668116304719,6.0,10575.173103976062,4.809960483931016,0.0,0.0,19054.356753008135,0.0,-172.96602946378334,-2.0581315147065986,1.0,-1.0
CLASSIC,1,Diana,8.0,8.0,13.387957704803565,16643.446093522936,284.75765507307096,18.0,12.0,25019.906039609457,5.0,-465.5174407298822,1188.4840884411942,-2.2274790648028304,-1.0
CLASSIC,1,Orianna,7.0,0.0,1.0,16067.231928956417,267.1431066011952,39.726508419575396,15.554974885443833,24914.82432772052,5.0,-1040.8720428685365,-403.6558266588257,7.925629147911822,1.0
CLASSIC,0,Diana,10.0,3.0,0.0,8874.723887564933,179.68764272956437,19.588134172098123,2.226642980929681,20112.072858249434,3.0,4962.620555752519,2630.8423328222775,-18.0,3.0
CLASSIC,1,Diana,7.0,10.0,18.621727229096955,14788.757731948528,138.82302242255955,18.064122916993096,8.0,24740.746339057725,1.0,1285.5682991645856,2070.2704232480696,-5.649396379532975,4.2214964620873845
CLASSIC,1,Diana,7.0,9.0,14.0,18180.471448143227,292.88942891438654,31.0,15.021869295785782,42252.81553812487,5.0,2297.0442150650415,2436.006905979159,-2.0,4.549828760496161
CLASSIC,0,Diana,8.16989071619484,3.0,0.0,14524.189376908935,202.93983468314707,22.0,10.113144700086846,26123.419677514637,2.293647236592562,-698.2325232063496,-835.9543652783592,-7.15849275050318,5.399234651510908
CLASSIC,1,Diana,11.21417744148366,6.421366738006009,8.0,13692.43673401458,18.576467283079317,0.0,8.0,23470.302155649424,5.0,302.9651515578701,2072.4587923282656,24.604612603654747,1.0
CLASSIC,0,Diana,4.861163437298197,2.8321089847403926,9.0,7612.611778694409,105.90853881826887,0.0,0.0,15327.330121045497,2.0,2369.073657571845,664.0443089570605,7.803222729749485,-1.0
CLASSIC,0,Diana,3.0,0.925626824565362,1.3188875680169574,637.9629842637074,214.683024717725,31.0,13.867034950306465,23.222753391330805,1.0,678.4795791361947,700.8728553507843,-0.5386435845917141,5.0
ARAM,1,Kindred,12.0,9.0,29.492232197591598,14634.570410716347,172.80033850871726,3.0840641963277267,4.932989986715964,26233.01020274113,1.9532774421977077,2085.8949495572733,3458.645795197236,-11.426235494096186,1.0
CLASSIC,1,Diana,7.1778018676319295,8.0,8.0,14673.834193684454,134.2584850096859,22.0,8.0,25564.370302187224,1.0,2888.087056839477,642.2703667345363,-14.157371871335856,1.0
CLASSIC,0,Orianna,0.0,3.0,4.743926555689303,5003.2700806913945,38.042624280319956,0.0,0.0,7023.190866324188,0.0,1211.072934066192,2066.9229003342584,2.7255449156421006,-2.9537139624210926
CLASSIC,1,Diana,13.912160604521572,8.0,12.609363403604666,15472.637613074921,238.4422095338073,25.6658569267591,12.297976083034126,27244.33742136995,4.0,-960.006567679953,-430.32656661524504,29.885277722569008,-0.32461750580594084
CLASSIC,0,Diana,6.6135088981003864,6.0,0.5277322621953459,14534.368038000419,45.69755611501104,21.0,6.871548167917068,21009.894572229307,2.0,1224.6932120796325,-215.45157705119087,7.56072293339182,1.0
CLASSIC,1,Diana,13.557242299748298,4.699048047456861,9.952144655127313,17571.24483860708,239.13056866815484,31.0,12.421670171702054,33390.665901517765,4.0,0.0,463.01656360840565,36.81877348946941,2.0
ARAM,1,Mel,14.0,7.0,31.810105805870894,13755.721741718255,1.7749805676727648,0.0,0.0,27240.769297147952,4.0,-1246.2973565985317,-455.05479585100244,-2.0,3.0
CLASSIC,1,Diana,14.0,9.0,30.568280667696385,25053.238485079142,211.92228860599658,33.68783282892572,12.0,55835.80096277579,1.0,-1510.9316728388185,-1536.7798493009323,-9.711088662431957,1.0
CLASSIC,0,Orianna,0.9620922572641883,2.0,5.0,10468.443935527243,184.62162263553608,21.0,12.0,14620.4776319535,0.0,0.0,-591.7136304906968,-2.0,3.0
CLASSIC,1,Diana,3.0,3.0,7.0,14196.39892596991,209.22844902428497,22.51125864290042,11.0,20119.254959543567,4.0,4447.272411017366,4551.20586655458,0.0,-2.0
CLASSIC,0,Diana,6.0,8.581294190650924,7.365481173215954,12991.335604761342,136.33947287807985,9.103617903647356,7.639908909164696,29251.94275773378,0.0,2275.0,1191.093568407932,9.8360802892709,4.0
CLASSIC,1,Orianna,5.458712829740364,5.0,5.0,13652.562210843918,198.0,0.0,3.3835828537041017,24890.258165595125,4.0,-2720.6309162395714,-2371.454737950174,-11.602864126345807,-2.0
ARAM,1,Kindred,11.361651153302049,2.0,8.402055552364237,13056.65629316612,0.1904575790444882,5.814176455984204,0.0,20068.213863544202,1.1953439580360674,-777.408130779813,1169.160110004437,0.0,-1.0
CLASSIC,1,Diana,3.0,11.299740414033485,6.0,14658.96799669616,43.20675099221445,0.0,0.0,21707.207236129812,0.0,2497.111015928037,4001.3549638456257,7.916614093719862,1.0
CLASSIC,1,Shen,27.0,2.0,12.0,18623.025359186784,212.0,14.712452812862491,9.0,42045.28120313053,5.0,-898.9413275748649,-1721.5272185140416,-13.0,1.0
CLASSIC,1,Diana,14.0,1.0,7.716779228970658,13810.609741971544,188.5036995226123,31.0,12.0,23715.20077501473,4.0,587.1562414570332,-45.871597854391425,-1.8923455116957626,-1.0
CLASSIC,0,Diana,7.0,3.0,9.0,16230.666969673746,298.67887597441756,32.018004683121426,12.950608785379792,24639.96885878947,3.159425695222663,-2665.127383084127,-2288.399315284209,-30.0,5.0
CLASSIC,0,Orianna,5.0,5.0,1.0,9818.000466055237,234.24901438231493,13.38580004673633,11.0,15883.326501539796,1.0,-167.74526478731002,-550.8241795423891,7.912203433050588,-1.0
ARAM,1,Kindred,10.42956371306573,9.0,8.0,14532.817152292677,209.8389793146393,0.0,0.20879412458585794,32362.87995991216,4.0,2335.1597781255787,1312.4248056843364,2.0,1.0
CLASSIC,0,Diana,0.0,3.0,1.0,634.9996258464142,3.413424963362654,0.0,0.0,26.959739298866438,3.0,590.8103758667569,495.56604333412696,-13.0,-1.0
CLASSIC,1,Orianna,4.0,2.0,1.4702791383294698,10471.451215674364,185.7537869162339,19.0,11.0,15007.492416211635,0.0,-2031.6602386721102,306.03151791379344,10.0,-1.0
CLASSIC,1,Orianna,9.0,0.0,6.0,11598.353839656767,41.263316774756646,0.0,8.579736317870397,18649.003941918912,4.0,-1768.2828809543244,-1715.4132975991276,1.0,-2.758901498908301
CLASSIC,1,Shen,27.0,3.0,11.343923811022,20973.312694248765,228.24849104298605,38.0669359315737,12.0,52480.941636341246,4.46581741231941,-2656.0002512248416,-2355.0271517532065,-28.197886146403484,3.776598896386031
CLASSIC,0,Diana,3.0,5.0,1.0,5820.132314944356,202.10030114271382,16.609481923889216,7.0,9351.462779701744,0.0,1203.2749011313433,1124.9945270721585,-2.0,-1.0
CLASSIC,1,JarvanIV,7.0,5.0,10.0,8339.243148405032,23.712587343551565,17.0,0.0,6971.252556435284,3.0,938.990730851137,1768.5454913916567,36.7315593621448,1.0
